,Marca temporal,¿Qué edad tienes?,¿Con que género te identificas?,¿A qué rama pertenece la licenciatura que actualmente estudias?,¿Qué tan importante es la educación de ciberseguridad para ti?,¿Cuál crees que es la cuestión más importante en temas de educación de ciberseguridad?,¿Para qué usas el internet?,Unnamed: 7,Unnamed: 8,Unnamed: 9,Unnamed: 10,Selecciona las redes sociales que utilizas en tu día a día,Unnamed: 12,Unnamed: 13,Unnamed: 14,Unnamed: 15,Unnamed: 16,Selecciona las plataformas de streaming que utilizas en tu día a día,Unnamed: 18,Unnamed: 19,Unnamed: 20,Unnamed: 21,Unnamed: 22,Unnamed: 23,¿Cuántas horas en promedio pasas en plataformas de streaming al día? ,Selecciona la plataforma de videojuegos que más utilizas,Selecciona las plataformas educativas que utilizas en tu día a día,Unnamed: 27,Unnamed: 28,Unnamed: 29,¿Dónde consideras que existe mayor riesgo de amenazas y/o ciber ataques?,¿Alguna vez has sido víctima de alguna amenaza cibernética? ,¿Cuántas horas en promedio pasas en redes sociales al día? ,¿Usas las redes sociales como apoyo en tus estudios universitarios? ,¿Qué páginas usas para tus estudios?,Unnamed: 35,Unnamed: 36,Unnamed: 37,Unnamed: 38,¿Cuál crees que es el mayor beneficio de las redes sociales en tus estudios ?,¿Qué tan familiarizado estas con las amenazas cibernéticas? ,¿Cuál crees que es la mayor amenaza para ti cuando te conectas?,Señala si has recibido alguna de estas amenazas  cibernéticas:,Unnamed: 43,Unnamed: 44,Unnamed: 45,Unnamed: 46,¿Alguna vez has agregado a una persona que no conocías en una red social o en alguna plataforma de videojuegos?,¿En dónde agregaste a una persona desconocida? Selecciona todas las opciones que apliquen.,Unnamed: 49,Unnamed: 50,Unnamed: 51,Unnamed: 52,¿A cuántas personas? ,¿Compartiste información sensibles con ellos?,¿Fuiste víctima de alguna de estas opciones?,Unnamed: 56,Unnamed: 57,Unnamed: 58,"¿Has recibido un mensaje directo sospechoso por redes sociales pidiéndote que le des click a un link, descargues un archivo o proporciones datos personales como datos bancarios?",¿Hiciste lo que se te pedía en el mensaje?,¿Reportaste la cuenta?,¿Lees los avisos de privacidad de las páginas en las que navegas? ,¿Utilizas la misma contraseña para tus diferentes cuentas electrónicas?,¿Con qué frecuencia cambias tus contraseña  si no te obliga la pagina? ,¿Utilizas un administrador de contraseñas (Autofill)?,¿Tomas medidas y acciones  para mantener en privacidad tus datos? ,¿Cuáles medidas tomas?,Unnamed: 68,Unnamed: 69,Unnamed: 70,Unnamed: 71,Unnamed: 72,¿Qué percepción tienes acerca de los peligros que puedes correr en línea?
0,11/11/2021 13:12:00,21-24,Masculino,Ciencias Sociales,Importante,Proteger información personal en linea,Streaming,,,,,Instagram,,,,,,Claro Video,,,,,,,3-4 horas,Xbox,Coursera,,,,Aplicaciones,56,Entre 1 y 2 horas,61,Noticieros/periódicos,Revistas científicas o similares,,,,Comunicación entre profesores y estudiantes,Muy poco,Intimidación o acoso por parte de amigos o conocidos,Ciber acoso,Phishing,,,,61,Instagram,,,,,1 a 3,61.0,Negocio pirámide (Pyramid scheme),Estafa,,,55,55.0,55.0,A veces,101,1 a 6 meses,101,101,Cambio constante de contraseñas,Leer los avisos de privacidad,Tengo antivirus descargado en mi dispositivo,,,,Me son indiferentes
1,18/11/2021 19:57:06,21-24,Femenino,Ingeniería,Muy importante,Prevenir accesos de tus cuentas sin permiso,Redes Sociales,,,,,Facebook,Instagram,Twitter,,,,Netflix,Amazon Prime,Claro Video,HBO Max,,,,Menos de 1 hora,38,38,,,,Navegación web,56,Entre 1 y 2 horas,61,Tutoriales o crash courses,,,,,Comunicación entre profesores y estudiantes,Regular,Que alguien use tus fotos de manera inapropiada,Ciber acoso,Robo de identidad,Spam,,,62,,,,,,,,,,,,55,56.0,56.0,Nunca,101,1 a 2 años,101,102,,,,,,,Conozco los peligros pero no me afectan
2,18/11/2021 19:58:56,21-24,Femenino,Ciencia,Importante,Proteger información personal en linea,Redes Sociales,Streaming,Plataformas educativas,25,,Facebook,Instagram,Twitter,,,,Netflix,Amazon Prime,Disney +,,,,,Menos de 1 hora,38,Coursera,,,,Redes sociales,56,Menos de 1 hora,62,,,,,,,Regular,Que alguien use tus fotos de manera inapropiada,Spam,,,,,61,Facebook,Instagram,Twitter,,,11 o más,62.0,Negocio pirámide (Pyramid scheme),,,,55,56.0,55.0,A veces,101,1 a 6 meses,101,101,VF2 (autentificación de dos pasos),Leer los avisos de privacidad,Checar que la conexión sea segura antes de hacer pagos en línea,,,,Los considero importantes
3,18/11/2021 19:59:28,25 +,Femenino,Ciencia,Importante,Proteger información personal en linea,Redes Sociales,Streaming,,,,Facebook,Instagram,Twitter,TikTok,,,Netflix,Amazon Prime,HBO Max,,,,,1-2 horas,38,Coursera,,,,Redes sociales,56,Entre 3 y 4 horas,62,,,,,,,Regular,20,Spam,,,,,61,Instagram,Twitter,,,,1 a 3,62.0,95,,,,56,,,Casi nunca,102,1 a 6 meses,101,102,,,,,,,Los considero importantes
4,18/11/2021 20:00:32,17-20,Femenino,Ciencia,Importante,Proteger información personal en linea,Redes Sociales,Streaming,Videojuegos,Plataformas educativas,,Instagram,Twitter,,,,,Netflix,Amazon Prime,Disney +,,,,,Más de 4 horas,Nintendo,25,,,,Redes sociales,55,Entre 3 y 4 horas,61,Tutoriales o crash courses,Una página de un profesionista influyente en tu área,,,,Descarga de documentos,Regular,Avances sexuales no deseados por redes sociales,Ciber acoso,Spam,,,,62,,,,,,,,,,,,55,56.0,56.0,Casi siempre,102,1 a 2 años,101,101,Cambio constante de contraseñas,Leer los avisos de privacidad,Tengo antivirus descargado en mi dispositivo,Checar que la conexión sea segura antes de hacer pagos en línea,Tapar tu cámara cuando no la estés usando,,Los considero importantes
5,18/11/2021 20:03:02,17-20,Femenino,Ciencia,Importante,Proteger información personal en linea,Redes Sociales,Streaming,Plataformas educativas,,,Facebook,Instagram,Twitter,TikTok,,,Netflix,Blim,,,,,,1-2 horas,38,Khan Academy,,,,Navegación web,55,Entre 3 y 4 horas,61,Noticieros/periódicos,Revistas científicas o similares,,,,Comunicación entre profesores y estudiantes,Algo,20,Spam,Phishing,Spoofing,,,61,Facebook,Instagram,,,,6 a 10,62.0,Estafa,,,,55,56.0,55.0,A veces,102,Más de 2 años,102,101,VF2 (autentificación de dos pasos),Leer los avisos de privacidad,Tengo antivirus descargado en mi dispositivo,Checar que la conexión sea segura antes de hacer pagos en línea,Tapar tu cámara cuando no la estés usando,,Conozco los peligros pero no me afectan
6,18/11/2021 20:05:11,21-24,Femenino,Ingeniería,Muy importante,"Evitar ciber acoso, ciber bullying, entre otros",Redes Sociales,Streaming,Videojuegos,25,,Instagram,TikTok,31,,,,Netflix,Amazon Prime,HBO Max,Disney +,,,,Más de 4 horas,Play Station,38,,,,E-mail,56,Entre 3 y 4 horas,62,,,,,,,Regular,Avances sexuales no deseados por redes sociales,Ciber bullying,Spam,,,,62,,,,,,,,,,,,55,55.0,56.0,Nunca,102,Más de 2 años,101,102,,,,,,,Nunca me siento seguro y me preocupan mucho los peligros
7,18/11/2021 20:08:39,25 +,Masculino,Ciencia,Poco importante,Proteger información personal en linea,Redes Sociales,25,,,,Facebook,Instagram,,,,,38,,,,,,,Menos de 1 hora,38,38,,,,Navegación web,56,Entre 1 y 2 horas,61,25,,,,,Descarga de documentos,Regular,20,Spam,Phishing,Spoofing,,,61,Facebook,,,,,11 o más,62.0,Negocio pirámide (Pyramid scheme),,,,55,56.0,56.0,Nunca,101,Más de 2 años,101,102,,,,,,,Conozco los peligros pero no me afectan
8,18/11/2021 20:08:54,25 +,Femenino,Ciencia,Importante,Prevenir accesos de tus cuentas sin permiso,Redes Sociales,,,,,Instagram,,,,,,Netflix,Amazon Prime,HBO Max,,,,,1-2 horas,Play Station,Coursera,,,,Navegación web,56,Entre 1 y 2 horas,62,,,,,,,Algo,20,Robo de identidad,Spam,Spoofing,,,62,,,,,,,,,,,,55,56.0,55.0,Nunca,102,Menos de 1 mes,102,102,,,,,,,Los considero importantes
9,18/11/2021 20:09:27,17-20,11,11,Importante,"Evitar ciber acoso, ciber bullying, entre otros",Redes Sociales,Plataformas educativas,,,,Facebook,TikTok,,,,,Netflix,,,,,,,3-4 horas,Nintendo,25,,,,Navegación web,55,Entre 1 y 2 horas,61,Noticieros/periódicos,Revistas científicas o similares,25,,,Descarga de documentos,Algo,Intimidación o acoso por parte de amigos o conocidos,Spam,,,,,61,Facebook,Twitter,,,,11 o más,62.0,95,,,,55,56.0,56.0,Nunca,102,Más de 2 años,101,101,Cambio constante de contraseñas,Tengo antivirus descargado en mi dispositivo,Checar que la conexión sea segura antes de hacer pagos en línea,,,,Los considero importantes
10,18/11/2021 20:09:45,25 +,Femenino,Ciencias Sociales,Importante,Proteger información personal en linea,Redes Sociales,Streaming,,,,Facebook,Instagram,Twitter,,,,Netflix,,,,,,,3-4 horas,38,38,,,,Redes sociales,56,Entre 1 y 2 horas,62,,,,,,,Regular,20,Ciber acoso,Spam,Spoofing,,,62,,,,,,,,,,,,56,,,Nunca,101,1 a 2 años,101,101,Tengo antivirus descargado en mi dispositivo,Checar que la conexión sea segura antes de hacer pagos en línea,Tapar tu cámara cuando no la estés usando,,,,Los considero importantes
11,18/11/2021 20:13:53,25 +,Masculino,11,Muy importante,Proteger información personal en linea,Redes Sociales,,,,,Instagram,31,,,,,Netflix,,,,,,,1-2 horas,Nintendo,38,,,,Navegación web,56,Entre 1 y 2 horas,61,Noticieros/periódicos,Tutoriales o crash courses,,,,Videos,Muy poco,20,Spam,Spoofing,,,,61,Facebook,Instagram,,,,11 o más,62.0,95,,,,55,56.0,56.0,Casi nunca,101,Más de 2 años,101,102,,,,,,,Los considero importantes
12,18/11/2021 20:13:54,17-20,Femenino,Ciencia,Poco importante,"Evitar ciber acoso, ciber bullying, entre otros",Redes Sociales,Plataformas educativas,,,,Facebook,Instagram,Twitter,,,,Netflix,,,,,,,1-2 horas,38,25,,,,Navegación web,56,Entre 1 y 2 horas,61,Tutoriales o crash courses,,,,,Comunicación entre profesores y estudiantes,Muy poco,Avances sexuales no deseados por redes sociales,Spam,,,,,61,Facebook,TikTok,,,,11 o más,62.0,95,,,,55,56.0,55.0,Nunca,101,1 a 2 años,101,102,,,,,,,Conozco los peligros pero no me afectan
13,18/11/2021 20:14:21,17-20,Masculino,11,Importante,Proteger información personal en linea,Redes Sociales,Streaming,Videojuegos,Plataformas educativas,25.0,Facebook,31,,,,,25,,,,,,,Más de 4 horas,PC,25,,,,Redes sociales,56,Entre 1 y 2 horas,62,,,,,,,Algo,20,Spam,,,,,61,31,,,,,1 a 3,62.0,95,,,,56,,,A veces,102,Más de 2 años,102,102,,,,,,,No me preocupan
14,18/11/2021 20:16:04,21-24,Masculino,Ingeniería,Importante,Proteger información personal en linea,Redes Sociales,Plataformas educativas,25,,,Facebook,Instagram,31,,,,Netflix,25,,,,,,Más de 4 horas,38,25,,,,Redes sociales,56,Entre 3 y 4 horas,62,,,,,,,Regular,Que alguien use tus fotos de manera inapropiada,Robo de identidad,Spam,Phishing,,,61,Facebook,Instagram,,,,11 o más,62.0,Negocio pirámide (Pyramid scheme),,,,55,56.0,55.0,Casi siempre,101,Más de 2 años,101,102,,,,,,,Los considero importantes
15,18/11/2021 20:17:50,17-20,Masculino,11,Importante,Proteger información personal en linea,Redes Sociales,Streaming,Plataformas educativas,,,Facebook,Instagram,TikTok,,,,Netflix,Amazon Prime,HBO Max,Disney +,,,,3-4 horas,Xbox,25,,,,Redes sociales,56,Entre 1 y 2 horas,61,Revistas científicas o similares,Una página de un profesionista influyente en tu área,,,,Comunicación entre profesores y estudiantes,Regular,Avances sexuales no deseados por redes sociales,Spam,,,,,61,Facebook,Instagram,,,,1 a 3,62.0,95,,,,56,,,Nunca,101,Más de 2 años,102,102,,,,,,,Conozco los peligros pero no me afectan
16,18/11/2021 20:19:22,21-24,Masculino,Ciencias Sociales,Importante,Proteger información personal en linea,Redes Sociales,Streaming,Videojuegos,Plataformas educativas,25.0,Facebook,Instagram,Twitter,,,,Netflix,Amazon Prime,HBO Max,Disney +,25,,,1-2 horas,Xbox,38,,,,Smartphone,56,Entre 3 y 4 horas,61,Revistas científicas o similares,25,,,,Descarga de documentos,Muy poco,Que alguien use tus fotos de manera inapropiada,Spam,,,,,61,Facebook,Instagram,Twitter,,,11 o más,62.0,95,,,,56,,,Casi nunca,101,Más de 2 años,101,101,VF2 (autentificación de dos pasos),Tengo antivirus descargado en mi dispositivo,Checar que la conexión sea segura antes de hacer pagos en línea,,,,Los considero importantes
17,18/11/2021 20:20:02,25 +,Femenino,Ciencias Sociales,Importante,Proteger información personal en linea,Redes Sociales,Streaming,25,,,Facebook,Instagram,Twitter,,,,Netflix,Amazon Prime,HBO Max,25,,,,Menos de 1 hora,38,38,,,,Navegación web,55,Menos de 1 hora,61,Noticieros/periódicos,Tutoriales o crash courses,Revistas científicas o similares,,,Comunicación entre profesores y estudiantes,Regular,20,Robo de identidad,Spam,Phishing,Spoofing,,61,Facebook,,,,,1 a 3,62.0,95,,,,55,56.0,55.0,A veces,102,1 a 2 años,102,101,VF2 (autentificación de dos pasos),Tengo antivirus descargado en mi dispositivo,Checar que la conexión sea segura antes de hacer pagos en línea,,,,Los considero importantes
18,18/11/2021 20:29:19,21-24,Masculino,Ciencia,Importante,Proteger información personal en linea,Redes Sociales,Videojuegos,Plataformas educativas,,,Twitter,TikTok,,,,,38,,,,,,,Menos de 1 hora,PC,Coursera,Chegg,25,,Redes sociales,56,Entre 1 y 2 horas,61,Noticieros/periódicos,Tutoriales o crash courses,Revistas científicas o similares,Una página de un profesionista influyente en tu área,,Descarga de documentos,Regular,20,Ciber bullying,Spam,,,,61,Facebook,Instagram,TikTok,,,4 a 6,62.0,Fraude,,,,56,,,Casi nunca,101,Más de 2 años,101,102,,,,,,,Conozco los peligros pero no me afectan
19,18/11/2021 20:36:54,21-24,Femenino,Ciencias Sociales,Importante,"Evitar ciber acoso, ciber bullying, entre otros",Redes Sociales,Streaming,Plataformas educativas,,,Facebook,Instagram,Twitter,TikTok,,,Netflix,Amazon Prime,HBO Max,Disney +,,,,1-2 horas,PC,25,,,,Redes sociales,55,Entre 3 y 4 horas,61,Noticieros/periódicos,,,,,Videos,Muy poco,Que alguien use tus fotos de manera inapropiada,Robo de identidad,Spoofing,,,,61,Facebook,Instagram,,,,11 o más,62.0,Estafa,,,,55,55.0,55.0,Nunca,101,Más de 2 años,101,102,,,,,,,Los considero importantes
20,18/11/2021 20:38:07,21-24,Masculino,Ciencia,Muy importante,Prevenir accesos de tus cuentas sin permiso,Redes Sociales,,,,,Instagram,Twitter,,,,,Netflix,Amazon Prime,,,,,,1-2 horas,Xbox,Chegg,,,,E-mail,55,Entre 1 y 2 horas,61,Noticieros/periódicos,Tutoriales o crash courses,,,,Descarga de documentos,Regular,Avances sexuales no deseados por redes sociales,Ciber bullying,Spam,Spoofing,,,61,Instagram,,,,,1 a 3,62.0,95,,,,55,56.0,55.0,Casi nunca,101,Más de 2 años,102,101,VF2 (autentificación de dos pasos),,,,,,Los considero importantes
21,18/11/2021 20:38:46,25 +,Masculino,Ciencia,Importante,Proteger información personal en linea,Redes Sociales,,,,,Facebook,Instagram,TikTok,,,,Netflix,HBO Max,,,,,,Menos de 1 hora,Nintendo,38,,,,Redes sociales,56,Entre 1 y 2 horas,62,,,,,,,Regular,Que alguien use tus fotos de manera inapropiada,Spam,Phishing,Spoofing,,,61,Facebook,Instagram,,,,1 a 3,62.0,95,,,,55,56.0,55.0,Casi nunca,102,1 a 6 meses,102,101,Checar que la conexión sea segura antes de hacer pagos en línea,,,,,,Los considero importantes
22,18/11/2021 20:47:20,21-24,Masculino,Ciencia,Muy importante,Proteger información personal en linea,Redes Sociales,Plataformas educativas,25,,,Instagram,31,,,,,Netflix,HBO Max,,,,,,1-2 horas,Xbox,Coursera,,,,Redes sociales,56,Entre 3 y 4 horas,61,Noticieros/periódicos,Tutoriales o crash courses,Revistas científicas o similares,,,Videos,Algo,20,Spam,Phishing,,,,61,Facebook,,,,,11 o más,62.0,95,,,,55,56.0,55.0,Nunca,101,Más de 2 años,101,102,,,,,,,Me son indiferentes
23,18/11/2021 21:21:37,21-24,Femenino,Ciencia,Poco importante,Proteger información personal en linea,Redes Sociales,Streaming,Plataformas educativas,25,,Facebook,Instagram,,,,,Netflix,Amazon Prime,HBO Max,Disney +,,,,Menos de 1 hora,38,Coursera,,,,Redes sociales,56,Entre 3 y 4 horas,62,,,,,,,Muy poco,Que alguien use tus fotos de manera inapropiada,Spam,,,,,62,,,,,,,,,,,,56,,,A veces,101,Más de 2 años,101,102,,,,,,,Conozco los peligros pero no me afectan
24,18/11/2021 21:25:21,21-24,Masculino,Ingeniería,Importante,"Evitar ciber acoso, ciber bullying, entre otros",Plataformas educativas,,,,,Facebook,Instagram,TikTok,,,,Netflix,Amazon Prime,,,,,,Menos de 1 hora,38,25,,,,Redes sociales,56,Entre 1 y 2 horas,62,,,,,,,Nada,Que alguien use tus fotos de manera inapropiada,Spam,,,,,62,,,,,,,,,,,,56,,,Nunca,102,1 a 2 años,102,101,Tengo antivirus descargado en mi dispositivo,,,,,,Los considero importantes
25,18/11/2021 21:25:57,21-24,Masculino,Ingeniería,Importante,Proteger información personal en linea,Redes Sociales,Streaming,Videojuegos,Plataformas educativas,25.0,Facebook,Instagram,TikTok,,,,Netflix,Amazon Prime,HBO Max,Disney +,,,,1-2 horas,Xbox,Coursera,25,,,Navegación web,56,Entre 1 y 2 horas,61,Una página de un profesionista influyente en tu área,,,,,Colaboración de proyectos,Algo,20,Spam,Phishing,Spoofing,,,61,Facebook,Instagram,,,,11 o más,62.0,Extorsión,Negocio pirámide (Pyramid scheme),,,56,,,Nunca,101,1 a 2 años,101,102,,,,,,,Conozco los peligros pero no me afectan
26,18/11/2021 21:33:23,25 +,Masculino,11,Importante,Prevenir accesos de tus cuentas sin permiso,Redes Sociales,Videojuegos,Plataformas educativas,,,Facebook,Instagram,TikTok,,,,Netflix,Amazon Prime,HBO Max,,,,,Más de 4 horas,Xbox,Coursera,,,,Navegación web,55,Más de 4 horas,61,Una página de un profesionista influyente en tu área,25,,,,Colaboración de proyectos,Algo,Que alguien use tus fotos de manera inapropiada,Ciber acoso,Spam,Phishing,,,61,Facebook,Instagram,31,,,1 a 3,61.0,Extorsión,,,,55,56.0,55.0,Casi nunca,101,1 a 2 años,102,101,VF2 (autentificación de dos pasos),Tengo antivirus descargado en mi dispositivo,Checar que la conexión sea segura antes de hacer pagos en línea,Tapar tu cámara cuando no la estés usando,,,Los considero importantes
27,18/11/2021 21:44:21,17-20,Masculino,Ciencia,Importante,Proteger información personal en linea,Redes Sociales,Videojuegos,,,,Instagram,Twitter,31,,,,Netflix,,,,,,,1-2 horas,PC,38,,,,Navegación web,55,Entre 1 y 2 horas,62,,,,,,,Algo,20,Spam,,,,,61,31,,,,,4 a 6,62.0,95,,,,55,55.0,56.0,Casi nunca,101,Más de 2 años,102,101,Checar que la conexión sea segura antes de hacer pagos en línea,,,,,,Conozco los peligros pero no me afectan
28,18/11/2021 21:46:33,21-24,Femenino,11,Poco importante,Proteger información personal en linea,Redes Sociales,,,,,Instagram,,,,,,Netflix,Amazon Prime,,,,,,Menos de 1 hora,38,38,,,,Navegación web,56,Entre 1 y 2 horas,62,,,,,,,Muy poco,20,Spam,,,,,62,,,,,,,,,,,,55,56.0,56.0,Casi nunca,101,Más de 2 años,102,101,VF2 (autentificación de dos pasos),Tengo antivirus descargado en mi dispositivo,Tapar tu cámara cuando no la estés usando,,,,Conozco los peligros pero no me afectan
29,18/11/2021 22:08:59,21-24,Masculino,Ciencia,Importante,Prevenir accesos de tus cuentas sin permiso,Redes Sociales,Plataformas educativas,25,,,Facebook,Instagram,,,,,Netflix,Amazon Prime,Claro Video,Blim,HBO Max,Disney +,25.0,1-2 horas,Play Station,38,,,,Navegación web,56,Entre 1 y 2 horas,62,,,,,,,Algo,Intimidación o acoso por parte de amigos o conocidos,Spam,Phishing,,,,61,Facebook,,,,,6 a 10,62.0,95,,,,55,56.0,56.0,A veces,102,1 a 2 años,101,101,Tengo antivirus descargado en mi dispositivo,Checar que la conexión sea segura antes de hacer pagos en línea,Tapar tu cámara cuando no la estés usando,,,,Los considero importantes
30,18/11/2021 22:34:51,21-24,Masculino,Ciencia,Importante,"Evitar ciber acoso, ciber bullying, entre otros",Redes Sociales,,,,,Facebook,Instagram,,,,,Netflix,Amazon Prime,HBO Max,Disney +,,,,Menos de 1 hora,38,Chegg,,,,Redes sociales,56,Entre 3 y 4 horas,61,Revistas científicas o similares,,,,,Videos,Muy poco,Avances sexuales no deseados por redes sociales,Robo de identidad,Spam,,,,61,Facebook,Instagram,,,,11 o más,62.0,95,,,,56,,,Nunca,102,Más de 2 años,102,101,Tapar tu cámara cuando no la estés usando,,,,,,Los considero importantes
31,18/11/2021 22:47:45,17-20,Femenino,Ciencias Sociales,Muy importante,Proteger información personal en linea,Redes Sociales,Streaming,Plataformas educativas,25,,Facebook,Instagram,Twitter,TikTok,,,Netflix,Amazon Prime,Blim,HBO Max,,,,3-4 horas,38,Coursera,25,,,Redes sociales,55,Entre 3 y 4 horas,61,Noticieros/periódicos,Tutoriales o crash courses,Una página de un profesionista influyente en tu área,25,,Videos,Mucho,20,Spam,Phishing,Spoofing,,,61,Facebook,,,,,1 a 3,62.0,95,,,,55,56.0,55.0,Casi nunca,102,7 a 12 meses,101,101,Cambio constante de contraseñas,VF2 (autentificación de dos pasos),Tengo antivirus descargado en mi dispositivo,Checar que la conexión sea segura antes de hacer pagos en línea,114,,Los considero importantes
32,18/11/2021 22:54:41,21-24,Femenino,Ciencias Sociales,Muy importante,Proteger información personal en linea,Redes Sociales,Streaming,Plataformas educativas,,,Instagram,Twitter,TikTok,,,,Netflix,Amazon Prime,HBO Max,Disney +,,,,3-4 horas,Xbox,Coursera,25,,,Redes sociales,56,Entre 1 y 2 horas,61,Noticieros/periódicos,Revistas científicas o similares,Una página de un profesionista influyente en tu área,,,Comunicación entre profesores y estudiantes,Regular,Intimidación o acoso por parte de amigos o conocidos,Spam,Phishing,,,,61,Facebook,Instagram,,,,1 a 3,62.0,95,,,,55,56.0,55.0,Casi nunca,101,Más de 2 años,101,102,,,,,,,Los considero importantes
33,18/11/2021 22:58:01,17-20,Femenino,Ciencia,Importante,Prevenir accesos de tus cuentas sin permiso,Redes Sociales,,,,,Instagram,TikTok,Snapchat,,,,Netflix,38,,,,,,Menos de 1 hora,Nintendo,Chegg,25,,,Redes sociales,56,Más de 4 horas,61,Revistas científicas o similares,Una página de un profesionista influyente en tu área,,,,Colaboración de proyectos,Nada,Intimidación o acoso por parte de amigos o conocidos,No aplica,,,,,62,,,,,,,,,,,,56,,,Nunca,102,Más de 2 años,102,102,,,,,,,Conozco los peligros pero no me afectan
34,18/11/2021 22:59:48,21-24,Femenino,Ciencias Sociales,Importante,Prevenir accesos de tus cuentas sin permiso,Redes Sociales,Streaming,Plataformas educativas,,,Facebook,Instagram,Twitter,TikTok,,,Netflix,Amazon Prime,HBO Max,,,,,1-2 horas,38,38,,,,Redes sociales,56,Entre 3 y 4 horas,61,Noticieros/periódicos,Revistas científicas o similares,Una página de un profesionista influyente en tu área,,,Descarga de documentos,Regular,Que alguien use tus fotos de manera inapropiada,Ciber acoso,Spam,,,,61,Facebook,Instagram,,,,1 a 3,62.0,95,,,,56,,,Nunca,102,1 a 2 años,102,102,,,,,,,Los considero importantes
35,18/11/2021 23:21:02,21-24,Femenino,Humanidades,Importante,Proteger información personal en linea,Redes Sociales,25,,,,Instagram,,,,,,Netflix,HBO Max,Disney +,,,,,Menos de 1 hora,38,Coursera,25,,,Navegación web,56,Entre 1 y 2 horas,61,Una página de un profesionista influyente en tu área,,,,,Colaboración de proyectos,Muy poco,20,No aplica,,,,,62,,,,,,,,,,,,55,56.0,55.0,Casi nunca,102,Más de 2 años,101,101,Tengo antivirus descargado en mi dispositivo,Checar que la conexión sea segura antes de hacer pagos en línea,,,,,Los considero importantes
36,18/11/2021 23:21:19,21-24,Femenino,Ciencias Sociales,Importante,Proteger información personal en linea,Redes Sociales,Plataformas educativas,,,,Instagram,,,,,,Netflix,Amazon Prime,Disney +,,,,,1-2 horas,Nintendo,25,,,,Navegación web,56,Entre 3 y 4 horas,61,Noticieros/periódicos,Revistas científicas o similares,Una página de un profesionista influyente en tu área,,,Videos,Muy poco,Que alguien use tus fotos de manera inapropiada,Spam,,,,,62,,,,,,,,,,,,55,56.0,56.0,A veces,101,Más de 2 años,101,101,Tapar tu cámara cuando no la estés usando,,,,,,Los considero importantes
37,18/11/2021 23:22:25,21-24,Masculino,Ingeniería,Muy importante,Proteger información personal en linea,Redes Sociales,Streaming,Videojuegos,Plataformas educativas,25.0,Facebook,Instagram,TikTok,,,,Netflix,Amazon Prime,Claro Video,,,,,3-4 horas,38,38,,,,E-mail,56,Entre 3 y 4 horas,62,,,,,,,Mucho,Intimidación o acoso por parte de amigos o conocidos,Spam,,,,,61,Facebook,Instagram,TikTok,,,11 o más,61.0,95,,,,55,56.0,56.0,Casi nunca,102,7 a 12 meses,102,101,Leer los avisos de privacidad,Tengo antivirus descargado en mi dispositivo,Checar que la conexión sea segura antes de hacer pagos en línea,,,,Los considero importantes
38,18/11/2021 23:23:26,17-20,Femenino,Ciencias Sociales,Importante,Proteger información personal en linea,Redes Sociales,Streaming,Plataformas educativas,,,Facebook,Instagram,Twitter,TikTok,,,Netflix,,,,,,,Menos de 1 hora,38,Khan Academy,Coursera,25,,Redes sociales,56,Entre 1 y 2 horas,61,Noticieros/periódicos,Tutoriales o crash courses,,,,Videos,Regular,Avances sexuales no deseados por redes sociales,Ciber bullying,,,,,61,Instagram,,,,,1 a 3,62.0,95,,,,55,56.0,56.0,Nunca,101,1 a 2 años,102,101,Checar que la conexión sea segura antes de hacer pagos en línea,Tapar tu cámara cuando no la estés usando,,,,,Los considero importantes
39,18/11/2021 23:26:22,17-20,Femenino,Ciencias Sociales,Muy importante,Prevenir accesos de tus cuentas sin permiso,Redes Sociales,Plataformas educativas,,,,Facebook,Instagram,Twitter,TikTok,,,Netflix,Amazon Prime,Claro Video,HBO Max,Disney +,,,3-4 horas,38,25,,,,Redes sociales,55,Más de 4 horas,61,Noticieros/periódicos,Revistas científicas o similares,,,,Descarga de documentos,Regular,Intimidación o acoso por parte de amigos o conocidos,Spam,Phishing,,,,61,Instagram,,,,,4 a 6,62.0,95,,,,55,56.0,55.0,Casi nunca,101,7 a 12 meses,101,102,,,,,,,Los considero importantes
40,18/11/2021 23:34:25,21-24,Femenino,Ciencia,Importante,Proteger información personal en linea,Redes Sociales,Streaming,,,,Facebook,Instagram,Twitter,TikTok,,,Netflix,,,,,,,Menos de 1 hora,38,38,,,,Navegación web,56,Entre 3 y 4 horas,61,Tutoriales o crash courses,,,,,Descarga de documentos,Algo,20,Spam,Spoofing,,,,61,Facebook,,,,,1 a 3,62.0,95,,,,55,56.0,55.0,Casi nunca,101,1 a 2 años,101,102,,,,,,,Me son indiferentes
41,18/11/2021 23:41:21,17-20,Femenino,Ciencia,Importante,"Evitar ciber acoso, ciber bullying, entre otros",Redes Sociales,Streaming,Plataformas educativas,,,Instagram,TikTok,,,,,Netflix,Amazon Prime,HBO Max,Disney +,,,,3-4 horas,38,Coursera,,,,Redes sociales,56,Entre 3 y 4 horas,61,Tutoriales o crash courses,Revistas científicas o similares,,,,Videos,Regular,Avances sexuales no deseados por redes sociales,Spam,,,,,62,,,,,,,,,,,,56,,,A veces,101,1 a 2 años,101,102,,,,,,,Los considero importantes
42,19/11/2021 0:34:16,21-24,Masculino,Ciencia,Importante,Proteger información personal en linea,Redes Sociales,Videojuegos,Plataformas educativas,,,Facebook,Instagram,,,,,Netflix,Amazon Prime,HBO Max,Disney +,,,,1-2 horas,Play Station,Chegg,,,,E-mail,55,Entre 1 y 2 horas,62,,,,,,,Algo,20,Spam,Phishing,Spoofing,,,61,Instagram,,,,,4 a 6,62.0,Negocio pirámide (Pyramid scheme),Estafa,Fraude,,55,56.0,55.0,A veces,102,Más de 2 años,101,101,VF2 (autentificación de dos pasos),Leer los avisos de privacidad,Checar que la conexión sea segura antes de hacer pagos en línea,Tapar tu cámara cuando no la estés usando,,,Los considero importantes
43,19/11/2021 7:14:55,21-24,Femenino,Ciencias Sociales,Muy importante,Proteger información personal en linea,Redes Sociales,Streaming,Plataformas educativas,,,Facebook,Instagram,Twitter,TikTok,,,Netflix,Amazon Prime,Disney +,,,,,Menos de 1 hora,38,25,,,,Redes sociales,56,Entre 3 y 4 horas,61,Noticieros/periódicos,Tutoriales o crash courses,Revistas científicas o similares,,,Colaboración de proyectos,Regular,20,No aplica,,,,,61,Facebook,Instagram,,,,4 a 6,62.0,95,,,,55,56.0,56.0,Casi nunca,102,Más de 2 años,101,102,,,,,,,No los conozco
44,19/11/2021 8:48:23,17-20,Femenino,Ciencias Sociales,Muy importante,Proteger información personal en linea,Redes Sociales,Streaming,Plataformas educativas,,,Facebook,Instagram,Twitter,TikTok,,,Netflix,Amazon Prime,HBO Max,Disney +,,,,1-2 horas,38,25,,,,Redes sociales,56,Entre 3 y 4 horas,61,Noticieros/periódicos,Revistas científicas o similares,Una página de un profesionista influyente en tu área,,,Colaboración de proyectos,Muy poco,Que alguien use tus fotos de manera inapropiada,No aplica,,,,,62,,,,,,,,,,,,56,,,Nunca,101,Más de 2 años,102,101,VF2 (autentificación de dos pasos),Checar que la conexión sea segura antes de hacer pagos en línea,Tapar tu cámara cuando no la estés usando,,,,Los considero importantes
45,19/11/2021 8:52:08,21-24,Femenino,11,Importante,Proteger información personal en linea,Redes Sociales,,,,,Facebook,Instagram,Twitter,,,,Netflix,Amazon Prime,,,,,,1-2 horas,Nintendo,38,,,,Redes sociales,56,Entre 3 y 4 horas,61,Una página de un profesionista influyente en tu área,,,,,Colaboración de proyectos,Regular,Intimidación o acoso por parte de amigos o conocidos,Spam,,,,,61,Facebook,Instagram,Twitter,TikTok,,1 a 3,62.0,95,,,,55,56.0,55.0,Nunca,102,Más de 2 años,101,101,VF2 (autentificación de dos pasos),,,,,,Los considero importantes
46,19/11/2021 10:03:46,21-24,Femenino,11,Muy importante,Proteger información personal en linea,Redes Sociales,Streaming,Plataformas educativas,25,,Facebook,Instagram,Twitter,,,,Netflix,Amazon Prime,Disney +,,,,,3-4 horas,PC,38,,,,Redes sociales,56,Más de 4 horas,61,Una página de un profesionista influyente en tu área,,,,,Videos,Muy poco,Que alguien use tus fotos de manera inapropiada,Spam,,,,,61,Facebook,Instagram,,,,6 a 10,62.0,Extorsión,,,,55,56.0,56.0,Nunca,101,Más de 2 años,102,101,Tengo antivirus descargado en mi dispositivo,,,,,,Conozco los peligros pero no me afectan
47,19/11/2021 10:10:15,21-24,Femenino,Ciencias Sociales,Importante,"Evitar ciber acoso, ciber bullying, entre otros",Redes Sociales,Streaming,Plataformas educativas,,,Facebook,,,,,,Netflix,HBO Max,Disney +,,,,,1-2 horas,38,25,,,,Redes sociales,56,Entre 1 y 2 horas,61,Tutoriales o crash courses,,,,,Colaboración de proyectos,Muy poco,Avances sexuales no deseados por redes sociales,Ciber bullying,Spam,,,,62,,,,,,,,,,,,55,56.0,55.0,Nunca,101,Más de 2 años,101,102,,,,,,,Conozco los peligros pero no me afectan
48,19/11/2021 10:26:11,21-24,Masculino,Ingeniería,Muy importante,Proteger información personal en linea,Redes Sociales,Streaming,Videojuegos,25,,Facebook,Instagram,Twitter,,,,Netflix,Amazon Prime,HBO Max,Disney +,,,,1-2 horas,Xbox,Chegg,,,,Redes sociales,55,Entre 1 y 2 horas,62,,,,,,,Algo,20,Robo de identidad,Spam,,,,61,Facebook,Instagram,,,,6 a 10,62.0,95,,,,55,56.0,56.0,A veces,102,1 a 2 años,101,102,,,,,,,Conozco los peligros pero no me afectan
49,19/11/2021 10:58:20,25 +,Masculino,Ciencias Sociales,Muy importante,Proteger información personal en linea,Redes Sociales,Streaming,Plataformas educativas,,,Facebook,Instagram,Twitter,,,,Netflix,Amazon Prime,,,,,,Menos de 1 hora,Xbox,Coursera,,,,Navegación web,56,Entre 3 y 4 horas,62,,,,,,,Algo,20,Ciber acoso,Spam,Phishing,,,61,Facebook,31,,,,1 a 3,62.0,95,,,,56,,,Casi nunca,101,Más de 2 años,101,101,VF2 (autentificación de dos pasos),Tengo antivirus descargado en mi dispositivo,Checar que la conexión sea segura antes de hacer pagos en línea,,,,Conozco los peligros pero no me afectan
50,19/11/2021 11:26:47,17-20,Masculino,Ciencia,Muy importante,Prevenir accesos de tus cuentas sin permiso,Redes Sociales,Streaming,Videojuegos,Plataformas educativas,25.0,Twitter,,,,,,Netflix,HBO Max,,,,,,1-2 horas,Xbox,Khan Academy,Coursera,25,,Navegación web,56,Menos de 1 hora,61,Noticieros/periódicos,Tutoriales o crash courses,Revistas científicas o similares,Una página de un profesionista influyente en tu área,25.0,Descarga de documentos,Regular,Que alguien use tus fotos de manera inapropiada,Spam,Spoofing,,,,62,,,,,,,,,,,,55,56.0,55.0,A veces,102,Más de 2 años,102,101,VF2 (autentificación de dos pasos),Leer los avisos de privacidad,Tengo antivirus descargado en mi dispositivo,Checar que la conexión sea segura antes de hacer pagos en línea,Tapar tu cámara cuando no la estés usando,114.0,Los considero importantes
51,19/11/2021 11:31:18,21-24,Masculino,Ciencia,Muy importante,Proteger información personal en linea,Redes Sociales,Streaming,Videojuegos,,,Instagram,Twitter,,,,,Netflix,Amazon Prime,HBO Max,25,,,,1-2 horas,Play Station,38,,,,Navegación web,56,Menos de 1 hora,62,,,,,,,Regular,Que alguien use tus fotos de manera inapropiada,Spam,,,,,61,Facebook,31,,,,1 a 3,62.0,95,,,,55,56.0,56.0,Nunca,101,1 a 2 años,101,101,VF2 (autentificación de dos pasos),Checar que la conexión sea segura antes de hacer pagos en línea,,,,,Los considero importantes
52,19/11/2021 12:00:04,21-24,Masculino,Ingeniería,Muy importante,Proteger información personal en linea,Redes Sociales,Streaming,Videojuegos,Plataformas educativas,,Facebook,Instagram,Twitter,TikTok,,,38,,,,,,,Menos de 1 hora,Play Station,25,,,,Redes sociales,55,Más de 4 horas,61,Noticieros/periódicos,,,,,Comunicación entre profesores y estudiantes,Mucho,20,Spam,Phishing,Spoofing,,,62,,,,,,,,,,,,55,56.0,55.0,Casi nunca,102,Más de 2 años,102,101,Cambio constante de contraseñas,Checar que la conexión sea segura antes de hacer pagos en línea,Tapar tu cámara cuando no la estés usando,,,,Nunca me siento seguro y me preocupan mucho los peligros
53,19/11/2021 12:05:32,21-24,Masculino,Ciencia,Muy importante,Proteger información personal en linea,Redes Sociales,Videojuegos,Plataformas educativas,25,,Facebook,Instagram,Twitter,,,,Netflix,25,,,,,,1-2 horas,Play Station,25,,,,E-mail,55,Entre 1 y 2 horas,62,,,,,,,Regular,20,Spam,,,,,61,Facebook,,,,,1 a 3,62.0,95,,,,55,56.0,56.0,Nunca,101,Más de 2 años,102,101,VF2 (autentificación de dos pasos),Tengo antivirus descargado en mi dispositivo,,,,,Los considero importantes
54,19/11/2021 12:08:45,21-24,Femenino,Ciencia,Importante,"Evitar ciber acoso, ciber bullying, entre otros",Redes Sociales,Streaming,Plataformas educativas,,,Facebook,Instagram,Twitter,TikTok,Snapchat,,Netflix,Amazon Prime,Disney +,25,,,,1-2 horas,Nintendo,25,,,,Navegación web,56,Entre 3 y 4 horas,61,Noticieros/periódicos,Tutoriales o crash courses,Revistas científicas o similares,Una página de un profesionista influyente en tu área,,31,Algo,Que alguien use tus fotos de manera inapropiada,Ciber acoso,Ciber bullying,Robo de identidad,Spam,Spoofing,61,Facebook,Instagram,Twitter,TikTok,,11 o más,61.0,Otra,,,,55,56.0,56.0,Nunca,101,Más de 2 años,101,102,,,,,,,Conozco los peligros pero no me afectan
55,19/11/2021 12:11:06,21-24,Femenino,Ciencias Sociales,Importante,Proteger información personal en linea,Redes Sociales,Plataformas educativas,,,,Facebook,Instagram,Twitter,TikTok,31,,Netflix,HBO Max,,,,,,Más de 4 horas,38,Chegg,25,,,Redes sociales,56,Más de 4 horas,62,,,,,,,Algo,Que alguien use tus fotos de manera inapropiada,Robo de identidad,,,,,61,Facebook,Instagram,Twitter,TikTok,,11 o más,62.0,95,,,,55,56.0,55.0,A veces,102,Más de 2 años,101,101,VF2 (autentificación de dos pasos),,,,,,Conozco los peligros pero no me afectan
56,19/11/2021 12:11:17,21-24,Masculino,Ciencia,Importante,Proteger información personal en linea,Redes Sociales,Plataformas educativas,,,,Facebook,Instagram,Twitter,TikTok,31,,Netflix,Amazon Prime,Blim,HBO Max,Disney +,25,,1-2 horas,38,25,,,,Redes sociales,56,Más de 4 horas,61,Una página de un profesionista influyente en tu área,,,,,Descarga de documentos,Muy poco,Que alguien use tus fotos de manera inapropiada,Phishing,,,,,61,Facebook,Instagram,31,,,11 o más,62.0,95,,,,55,56.0,56.0,Nunca,102,1 a 6 meses,101,101,Cambio constante de contraseñas,Tengo antivirus descargado en mi dispositivo,,,,,No los conozco
57,19/11/2021 12:20:48,21-24,Masculino,Ingeniería,Importante,Prevenir accesos de tus cuentas sin permiso,Redes Sociales,Streaming,Videojuegos,Plataformas educativas,,Facebook,Instagram,,,,,Netflix,Amazon Prime,Disney +,,,,,1-2 horas,Play Station,Coursera,,,,Navegación web,55,Entre 1 y 2 horas,62,,,,,,,Algo,Que alguien use tus fotos de manera inapropiada,Spam,Phishing,Spoofing,,,61,Facebook,Instagram,31,,,4 a 6,62.0,95,,,,55,56.0,55.0,Siempre,102,7 a 12 meses,101,101,Cambio constante de contraseñas,Leer los avisos de privacidad,Checar que la conexión sea segura antes de hacer pagos en línea,Tapar tu cámara cuando no la estés usando,,,Los considero importantes
58,19/11/2021 12:20:56,21-24,Masculino,Ciencia,Muy importante,Prevenir accesos de tus cuentas sin permiso,Redes Sociales,Streaming,Videojuegos,Plataformas educativas,,Facebook,Instagram,Twitter,TikTok,,,38,,,,,,,Menos de 1 hora,Xbox,25,,,,E-mail,55,Más de 4 horas,61,Noticieros/periódicos,,,,,Colaboración de proyectos,Algo,20,Robo de identidad,Spam,Spoofing,,,61,Facebook,Instagram,,,,11 o más,62.0,Estafa,,,,55,56.0,56.0,Nunca,102,Más de 2 años,101,101,VF2 (autentificación de dos pasos),Tengo antivirus descargado en mi dispositivo,Checar que la conexión sea segura antes de hacer pagos en línea,,,,Los considero importantes
59,19/11/2021 12:31:58,21-24,Masculino,Ingeniería,Importante,Prevenir accesos de tus cuentas sin permiso,Redes Sociales,Streaming,Plataformas educativas,,,Facebook,Instagram,,,,,Netflix,,,,,,,Menos de 1 hora,Nintendo,Khan Academy,Coursera,,,Redes sociales,56,Entre 3 y 4 horas,61,Tutoriales o crash courses,Revistas científicas o similares,,,,Comunicación entre profesores y estudiantes,Regular,Que alguien use tus fotos de manera inapropiada,Phishing,,,,,62,,,,,,,,,,,,55,56.0,56.0,Casi nunca,101,1 a 2 años,102,101,Checar que la conexión sea segura antes de hacer pagos en línea,Tapar tu cámara cuando no la estés usando,,,,,Conozco los peligros pero no me afectan
60,19/11/2021 12:32:47,17-20,Femenino,Ingeniería,Importante,Proteger información personal en linea,Redes Sociales,Plataformas educativas,25,,,Instagram,Twitter,TikTok,,,,Netflix,,,,,,,Menos de 1 hora,38,Coursera,25,,,Navegación web,56,Entre 1 y 2 horas,61,Noticieros/periódicos,Tutoriales o crash courses,,,,Colaboración de proyectos,Muy poco,Que alguien use tus fotos de manera inapropiada,Spam,,,,,61,Facebook,,,,,6 a 10,62.0,Otra,95,,,55,56.0,55.0,Casi nunca,101,1 a 6 meses,101,102,,,,,,,Los considero importantes
61,19/11/2021 12:35:45,25 +,Femenino,Ingeniería,Importante,"Evitar ciber acoso, ciber bullying, entre otros",Redes Sociales,Plataformas educativas,,,,Facebook,Instagram,Twitter,TikTok,31,,Netflix,Amazon Prime,Claro Video,HBO Max,,,,3-4 horas,Xbox,Coursera,,,,E-mail,56,Entre 3 y 4 horas,61,Tutoriales o crash courses,25,,,,Comunicación entre profesores y estudiantes,Muy poco,Que alguien use tus fotos de manera inapropiada,Ciber bullying,Spam,,,,61,Facebook,Instagram,Twitter,,,1 a 3,62.0,Otra,,,,55,56.0,56.0,Nunca,101,1 a 2 años,102,102,,,,,,,Me son indiferentes
62,19/11/2021 12:40:06,21-24,Masculino,Ingeniería,Muy importante,Proteger información personal en linea,Redes Sociales,Videojuegos,Plataformas educativas,,,Facebook,Instagram,,,,,38,,,,,,,Menos de 1 hora,PC,Khan Academy,25,,,Navegación web,56,Entre 3 y 4 horas,61,Tutoriales o crash courses,Una página de un profesionista influyente en tu área,,,,Comunicación entre profesores y estudiantes,Algo,20,No aplica,,,,,62,,,,,,,,,,,,55,56.0,55.0,Casi siempre,102,1 a 2 años,102,101,VF2 (autentificación de dos pasos),Checar que la conexión sea segura antes de hacer pagos en línea,Tapar tu cámara cuando no la estés usando,,,,Los considero importantes
63,19/11/2021 12:42:27,21-24,Femenino,Ingeniería,Importante,Proteger información personal en linea,Redes Sociales,Streaming,Plataformas educativas,25,,Instagram,Twitter,31,,,,Netflix,Amazon Prime,HBO Max,Disney +,25,,,1-2 horas,38,Coursera,,,,Aplicaciones,56,Entre 3 y 4 horas,62,,,,,,,Regular,20,Spam,Spoofing,,,,61,Facebook,Instagram,Twitter,,,11 o más,62.0,95,,,,55,56.0,56.0,Nunca,102,7 a 12 meses,101,102,,,,,,,Conozco los peligros pero no me afectan
64,19/11/2021 12:53:34,21-24,Femenino,11,Importante,"Evitar ciber acoso, ciber bullying, entre otros",Redes Sociales,Streaming,Plataformas educativas,,,Facebook,Instagram,Twitter,31,,,Netflix,Amazon Prime,HBO Max,Disney +,,,,Menos de 1 hora,38,38,,,,Redes sociales,56,Entre 3 y 4 horas,61,Noticieros/periódicos,Revistas científicas o similares,Una página de un profesionista influyente en tu área,,,Colaboración de proyectos,Muy poco,Que alguien use tus fotos de manera inapropiada,Spam,,,,,61,Twitter,,,,,11 o más,62.0,95,,,,56,,,Casi nunca,101,1 a 2 años,101,102,,,,,,,Conozco los peligros pero no me afectan
65,19/11/2021 13:19:56,17-20,Femenino,Ingeniería,Poco importante,Proteger información personal en linea,Redes Sociales,Plataformas educativas,,,,Facebook,Instagram,TikTok,,,,Netflix,Amazon Prime,HBO Max,Disney +,,,,1-2 horas,38,Khan Academy,,,,Smartphone,56,Entre 3 y 4 horas,62,,,,,,,Nada,Que alguien use tus fotos de manera inapropiada,Spam,,,,,62,,,,,,,,,,,,55,56.0,55.0,Nunca,102,Más de 2 años,101,102,,,,,,,Me son indiferentes
66,19/11/2021 13:24:46,25 +,Femenino,Ingeniería,Importante,Proteger información personal en linea,Redes Sociales,Streaming,Videojuegos,Plataformas educativas,,Facebook,Instagram,Twitter,,,,Netflix,Amazon Prime,HBO Max,Disney +,,,,1-2 horas,Nintendo,Coursera,,,,Redes sociales,56,Menos de 1 hora,62,,,,,,,Regular,20,Ciber acoso,Spam,,,,61,Facebook,,,,,1 a 3,62.0,Negocio pirámide (Pyramid scheme),,,,55,56.0,56.0,Casi nunca,101,Más de 2 años,101,102,,,,,,,Conozco los peligros pero no me afectan
67,19/11/2021 14:18:16,25 +,Masculino,Ingeniería,Muy importante,Proteger información personal en linea,Redes Sociales,Streaming,Plataformas educativas,,,Facebook,Instagram,,,,,Netflix,HBO Max,,,,,,1-2 horas,Xbox,25,,,,Navegación web,56,Entre 1 y 2 horas,61,25,,,,,Colaboración de proyectos,Regular,20,Spam,,,,,62,,,,,,,,,,,,55,56.0,56.0,Casi nunca,102,Más de 2 años,102,102,,,,,,,Los considero importantes
68,19/11/2021 14:19:42,17-20,Masculino,Ciencia,Importante,Proteger información personal en linea,Redes Sociales,Streaming,Plataformas educativas,,,Instagram,Twitter,Snapchat,,,,Netflix,Amazon Prime,,,,,,Menos de 1 hora,Xbox,Khan Academy,,,,Redes sociales,55,Entre 1 y 2 horas,62,,,,,,,Regular,Intimidación o acoso por parte de amigos o conocidos,Ciber acoso,Ciber bullying,Robo de identidad,Spam,Phishing,61,31,,,,,11 o más,61.0,95,,,,55,56.0,55.0,Nunca,101,1 a 2 años,101,102,,,,,,,Conozco los peligros pero no me afectan
69,19/11/2021 14:36:07,21-24,Femenino,11,Importante,Proteger información personal en linea,Redes Sociales,Plataformas educativas,25,,,Facebook,Instagram,Twitter,TikTok,,,Netflix,Amazon Prime,HBO Max,,,,,1-2 horas,Xbox,Chegg,,,,Redes sociales,56,Entre 3 y 4 horas,61,Tutoriales o crash courses,,,,,Videos,Regular,Avances sexuales no deseados por redes sociales,No aplica,,,,,61,Facebook,Instagram,,,,1 a 3,62.0,95,,,,55,56.0,55.0,Casi nunca,101,Más de 2 años,101,102,,,,,,,Los considero importantes
70,19/11/2021 14:41:28,21-24,Femenino,Ingeniería,Importante,Proteger información personal en linea,Redes Sociales,Plataformas educativas,25,,,Facebook,Instagram,TikTok,31,,,Netflix,Amazon Prime,HBO Max,Disney +,,,,3-4 horas,Nintendo,Chegg,25,,,Aplicaciones,56,Entre 3 y 4 horas,62,,,,,,,Algo,Que alguien use tus fotos de manera inapropiada,Ciber bullying,,,,,61,Facebook,Instagram,Twitter,,,4 a 6,62.0,95,,,,56,,,Casi siempre,102,7 a 12 meses,102,102,,,,,,,Los considero importantes
71,19/11/2021 14:44:27,21-24,Femenino,Ingeniería,Muy importante,Proteger información personal en linea,Redes Sociales,Plataformas educativas,,,,Instagram,Twitter,,,,,Netflix,Disney +,,,,,,Menos de 1 hora,38,38,,,,Redes sociales,56,Más de 4 horas,61,Noticieros/periódicos,Tutoriales o crash courses,Revistas científicas o similares,Una página de un profesionista influyente en tu área,,31,Regular,Que alguien use tus fotos de manera inapropiada,Ciber bullying,Spam,,,,62,,,,,,,,,,,,55,56.0,56.0,Nunca,102,Más de 2 años,102,101,VF2 (autentificación de dos pasos),Tengo antivirus descargado en mi dispositivo,Checar que la conexión sea segura antes de hacer pagos en línea,Tapar tu cámara cuando no la estés usando,,,Nunca me siento seguro y me preocupan mucho los peligros
72,19/11/2021 15:47:26,21-24,Masculino,Ingeniería,Importante,Proteger información personal en linea,Redes Sociales,Plataformas educativas,25,,,Facebook,Instagram,Twitter,,,,Netflix,HBO Max,,,,,,Menos de 1 hora,Xbox,Coursera,,,,Smartphone,56,Entre 1 y 2 horas,61,Tutoriales o crash courses,Revistas científicas o similares,,,,Colaboración de proyectos,Muy poco,Intimidación o acoso por parte de amigos o conocidos,Spam,,,,,61,Facebook,,,,,1 a 3,62.0,95,,,,56,,,Casi nunca,101,Más de 2 años,101,102,,,,,,,No los conozco
73,19/11/2021 16:45:52,25 +,Masculino,Ciencias Sociales,Importante,Proteger información personal en linea,Redes Sociales,Plataformas educativas,,,,Instagram,,,,,,Netflix,Amazon Prime,Disney +,,,,,Menos de 1 hora,38,38,,,,Smartphone,56,Entre 3 y 4 horas,61,Noticieros/periódicos,Tutoriales o crash courses,Revistas científicas o similares,,,Comunicación entre profesores y estudiantes,Regular,Que alguien use tus fotos de manera inapropiada,Robo de identidad,Phishing,Spoofing,,,61,Facebook,Instagram,Twitter,31,,6 a 10,62.0,95,,,,55,56.0,55.0,Nunca,102,1 a 2 años,101,102,,,,,,,Los considero importantes
74,20/11/2021 1:19:38,21-24,Masculino,11,Importante,"Evitar ciber acoso, ciber bullying, entre otros",Redes Sociales,Streaming,Plataformas educativas,,,Facebook,Instagram,Twitter,,,,Netflix,Amazon Prime,,,,,,Menos de 1 hora,38,25,,,,Redes sociales,56,Entre 1 y 2 horas,62,,,,,,,Nada,20,Spam,,,,,61,Facebook,Instagram,,,,11 o más,62.0,95,,,,56,,,Casi nunca,102,1 a 2 años,101,101,VF2 (autentificación de dos pasos),Tengo antivirus descargado en mi dispositivo,,,,,Conozco los peligros pero no me afectan
75,20/11/2021 12:29:33,17-20,Femenino,Ciencia,Importante,Proteger información personal en linea,Redes Sociales,Videojuegos,Plataformas educativas,,,Instagram,Twitter,TikTok,,,,Netflix,,,,,,,Menos de 1 hora,Nintendo,Khan Academy,Coursera,25,,Redes sociales,56,Entre 1 y 2 horas,62,,,,,,,Regular,Que alguien use tus fotos de manera inapropiada,Ciber acoso,Spam,Spoofing,,,62,,,,,,,,,,,,55,56.0,55.0,Casi nunca,101,7 a 12 meses,102,101,Cambio constante de contraseñas,Tengo antivirus descargado en mi dispositivo,Checar que la conexión sea segura antes de hacer pagos en línea,Tapar tu cámara cuando no la estés usando,,,Los considero importantes
76,22/11/2021 10:15:19,21-24,Masculino,Ciencia,Poco importante,Prevenir accesos de tus cuentas sin permiso,Redes Sociales,,,,,Facebook,Instagram,Twitter,,,,Netflix,Amazon Prime,HBO Max,Disney +,,,,1-2 horas,Xbox,38,,,,Redes sociales,55,Más de 4 horas,62,,,,,,,Muy poco,Avances sexuales no deseados por redes sociales,Ciber acoso,Ciber bullying,Robo de identidad,Spoofing,,61,Facebook,Instagram,Twitter,,,11 o más,62.0,Extorsión,Negocio pirámide (Pyramid scheme),,,55,56.0,55.0,Nunca,102,Más de 2 años,102,102,,,,,,,Me son indiferentes
77,22/11/2021 13:40:48,21-24,Femenino,11,Muy importante,Proteger información personal en linea,25,,,,,Facebook,Instagram,Twitter,,,,Netflix,Disney +,,,,,,Más de 4 horas,25,25,,,,Redes sociales,56,Más de 4 horas,61,Revistas científicas o similares,,,,,Comunicación entre profesores y estudiantes,Nada,Avances sexuales no deseados por redes sociales,Robo de identidad,Spam,,,,61,Facebook,,,,,11 o más,62.0,Otra,,,,55,55.0,55.0,A veces,101,Más de 2 años,102,101,VF2 (autentificación de dos pasos),Tengo antivirus descargado en mi dispositivo,,,,,Los considero importantes
78,22/11/2021 14:27:59,21-24,Masculino,Ciencias Sociales,Muy importante,Proteger información personal en linea,Redes Sociales,Streaming,Videojuegos,,,Instagram,Twitter,,,,,Netflix,Amazon Prime,HBO Max,Disney +,,,,3-4 horas,Xbox,38,,,,Redes sociales,56,Entre 3 y 4 horas,61,Noticieros/periódicos,Revistas científicas o similares,Una página de un profesionista influyente en tu área,,,Comunicación entre profesores y estudiantes,Regular,20,Spam,,,,,61,Facebook,,,,,1 a 3,62.0,95,,,,56,,,A veces,102,1 a 6 meses,102,101,Cambio constante de contraseñas,VF2 (autentificación de dos pasos),Tengo antivirus descargado en mi dispositivo,,,,Conozco los peligros pero no me afectan
79,22/11/2021 14:59:37,21-24,Masculino,Ingeniería,Importante,Proteger información personal en linea,Redes Sociales,Videojuegos,Plataformas educativas,,,Facebook,Instagram,,,,,Netflix,Disney +,,,,,,1-2 horas,Nintendo,Coursera,,,,Navegación web,56,Menos de 1 hora,62,,,,,,,Regular,Que alguien use tus fotos de manera inapropiada,Spam,,,,,61,31,,,,,4 a 6,62.0,95,,,,56,,,A veces,102,Más de 2 años,101,101,VF2 (autentificación de dos pasos),Tengo antivirus descargado en mi dispositivo,Checar que la conexión sea segura antes de hacer pagos en línea,,,,Los considero importantes
80,22/11/2021 16:02:20,21-24,Femenino,Ingeniería,Importante,Proteger información personal en linea,Redes Sociales,Streaming,,,,Instagram,TikTok,Snapchat,,,,Netflix,Disney +,25,,,,,3-4 horas,38,25,,,,Redes sociales,56,Entre 1 y 2 horas,61,Tutoriales o crash courses,Una página de un profesionista influyente en tu área,,,,Colaboración de proyectos,Muy poco,Que alguien use tus fotos de manera inapropiada,Spam,,,,,62,,,,,,,,,,,,55,56.0,56.0,Nunca,102,Más de 2 años,102,101,VF2 (autentificación de dos pasos),Tengo antivirus descargado en mi dispositivo,Checar que la conexión sea segura antes de hacer pagos en línea,,,,Los considero importantes
81,22/11/2021 20:11:16,25 +,Femenino,Ciencia,Muy importante,Proteger información personal en linea,Redes Sociales,,,,,Facebook,Instagram,Twitter,,,,Netflix,Amazon Prime,HBO Max,Disney +,25,,,1-2 horas,Nintendo,25,,,,Aplicaciones,56,Menos de 1 hora,62,,,,,,,Algo,Que alguien use tus fotos de manera inapropiada,No aplica,,,,,62,,,,,,,,,,,,56,,,Casi nunca,101,Más de 2 años,102,101,VF2 (autentificación de dos pasos),Tengo antivirus descargado en mi dispositivo,Checar que la conexión sea segura antes de hacer pagos en línea,,,,Los considero importantes
82,23/11/2021 9:21:50,21-24,Femenino,Ciencia,Importante,Proteger información personal en linea,Redes Sociales,Streaming,Plataformas educativas,,,Instagram,TikTok,,,,,Netflix,Amazon Prime,HBO Max,Disney +,,,,1-2 horas,Nintendo,Khan Academy,,,,Redes sociales,56,Entre 3 y 4 horas,61,Tutoriales o crash courses,Revistas científicas o similares,,,,Descarga de documentos,Algo,20,No aplica,,,,,62,,,,,,,,,,,,56,,,Casi nunca,101,1 a 2 años,101,101,Tengo antivirus descargado en mi dispositivo,Checar que la conexión sea segura antes de hacer pagos en línea,,,,,Los considero importantes
83,23/11/2021 9:42:26,21-24,Femenino,Ciencias Sociales,Muy importante,Proteger información personal en linea,Redes Sociales,25,,,,Instagram,TikTok,Snapchat,,,,Netflix,Disney +,,,,,,1-2 horas,38,38,,,,Navegación web,56,Entre 3 y 4 horas,61,Tutoriales o crash courses,Una página de un profesionista influyente en tu área,,,,Videos,Muy poco,20,Spam,Spoofing,,,,61,Facebook,Instagram,,,,1 a 3,62.0,Estafa,,,,56,,,Casi nunca,102,Más de 2 años,101,101,Tengo antivirus descargado en mi dispositivo,Checar que la conexión sea segura antes de hacer pagos en línea,Tapar tu cámara cuando no la estés usando,,,,Los considero importantes
84,23/11/2021 9:47:53,21-24,Femenino,Ciencias Sociales,Muy importante,Proteger información personal en linea,Redes Sociales,Streaming,25,,,Instagram,,,,,,Netflix,,,,,,,Menos de 1 hora,Nintendo,Khan Academy,,,,Redes sociales,56,Menos de 1 hora,62,,,,,,,Regular,Que alguien use tus fotos de manera inapropiada,Ciber acoso,Ciber bullying,Spam,,,61,Facebook,Instagram,,,,1 a 3,62.0,95,,,,55,56.0,55.0,Casi nunca,102,Más de 2 años,101,101,VF2 (autentificación de dos pasos),Tengo antivirus descargado en mi dispositivo,Checar que la conexión sea segura antes de hacer pagos en línea,Tapar tu cámara cuando no la estés usando,,,Los considero importantes
85,23/11/2021 9:48:26,21-24,Femenino,Ciencias Sociales,Muy importante,Proteger información personal en linea,Redes Sociales,Streaming,Videojuegos,Plataformas educativas,,Facebook,Instagram,Twitter,,,,Netflix,Amazon Prime,,,,,,1-2 horas,PC,Coursera,,,,Redes sociales,56,Más de 4 horas,61,Noticieros/periódicos,Tutoriales o crash courses,Revistas científicas o similares,Una página de un profesionista influyente en tu área,,Colaboración de proyectos,Muy poco,Intimidación o acoso por parte de amigos o conocidos,Ciber acoso,Ciber bullying,Spam,,,61,Instagram,31,,,,1 a 3,62.0,95,,,,55,56.0,55.0,A veces,102,1 a 2 años,102,101,Cambio constante de contraseñas,VF2 (autentificación de dos pasos),Leer los avisos de privacidad,Tengo antivirus descargado en mi dispositivo,Checar que la conexión sea segura antes de hacer pagos en línea,,Los considero importantes
86,23/11/2021 9:48:39,21-24,Femenino,Ciencias Sociales,Poco importante,Proteger información personal en linea,Redes Sociales,Plataformas educativas,,,,Facebook,Instagram,Twitter,,,,Netflix,Amazon Prime,HBO Max,Disney +,,,,3-4 horas,38,38,,,,Redes sociales,56,Más de 4 horas,61,Revistas científicas o similares,,,,,Comunicación entre profesores y estudiantes,Nada,Que alguien use tus fotos de manera inapropiada,Spam,,,,,61,Facebook,,,,,1 a 3,62.0,95,,,,56,,,Nunca,102,Más de 2 años,101,102,,,,,,,Conozco los peligros pero no me afectan
87,23/11/2021 10:14:28,17-20,Masculino,11,Poco importante,Prevenir accesos de tus cuentas sin permiso,Redes Sociales,Videojuegos,Plataformas educativas,,,Instagram,Twitter,TikTok,,,,25,,,,,,,Menos de 1 hora,PC,Khan Academy,Coursera,,,E-mail,55,Entre 3 y 4 horas,61,Tutoriales o crash courses,Una página de un profesionista influyente en tu área,25,,,Colaboración de proyectos,Muy poco,Que alguien use tus fotos de manera inapropiada,Ciber acoso,Spam,Phishing,Spoofing,,61,31,,,,,1 a 3,61.0,95,,,,55,56.0,56.0,Casi nunca,102,Más de 2 años,102,101,VF2 (autentificación de dos pasos),Tengo antivirus descargado en mi dispositivo,Checar que la conexión sea segura antes de hacer pagos en línea,,,,No los conozco
88,23/11/2021 10:19:50,17-20,Masculino,Ingeniería,Muy importante,Prevenir accesos de tus cuentas sin permiso,Redes Sociales,Streaming,Videojuegos,Plataformas educativas,,Facebook,Instagram,Twitter,TikTok,,,Netflix,Amazon Prime,Disney +,25,,,,1-2 horas,PC,Khan Academy,Coursera,Chegg,25.0,Navegación web,55,Entre 1 y 2 horas,61,Tutoriales o crash courses,Revistas científicas o similares,Una página de un profesionista influyente en tu área,,,Videos,Mucho,Que alguien use tus fotos de manera inapropiada,Robo de identidad,Phishing,Spoofing,,,61,Facebook,Instagram,Twitter,TikTok,31.0,11 o más,61.0,Extorsión,Negocio pirámide (Pyramid scheme),Estafa,Fraude,55,56.0,55.0,Casi siempre,101,1 a 6 meses,101,101,Cambio constante de contraseñas,VF2 (autentificación de dos pasos),Checar que la conexión sea segura antes de hacer pagos en línea,,,,Los considero importantes
89,23/11/2021 10:24:21,17-20,Femenino,11,Importante,Proteger información personal en linea,Redes Sociales,Plataformas educativas,,,,Facebook,Instagram,Snapchat,,,,Netflix,Amazon Prime,Disney +,,,,,1-2 horas,38,38,,,,Navegación web,56,Más de 4 horas,61,Noticieros/periódicos,Una página de un profesionista influyente en tu área,,,,Comunicación entre profesores y estudiantes,Muy poco,Que alguien use tus fotos de manera inapropiada,No aplica,,,,,62,,,,,,,,,,,,56,,,Nunca,101,1 a 2 años,101,102,,,,,,,Los considero importantes
90,23/11/2021 10:35:33,17-20,Masculino,Ciencias Sociales,Importante,Prevenir accesos de tus cuentas sin permiso,Redes Sociales,Streaming,Plataformas educativas,25,,Facebook,Instagram,Twitter,TikTok,Snapchat,31.0,Netflix,Amazon Prime,HBO Max,Disney +,25,,,1-2 horas,38,Khan Academy,25,,,Navegación web,56,Entre 3 y 4 horas,61,Noticieros/periódicos,Tutoriales o crash courses,Revistas científicas o similares,Una página de un profesionista influyente en tu área,,Colaboración de proyectos,Algo,Avances sexuales no deseados por redes sociales,Robo de identidad,Spam,Spoofing,,,61,Facebook,Instagram,Twitter,TikTok,,11 o más,62.0,95,,,,55,56.0,55.0,A veces,102,1 a 2 años,102,101,Cambio constante de contraseñas,VF2 (autentificación de dos pasos),Tengo antivirus descargado en mi dispositivo,Checar que la conexión sea segura antes de hacer pagos en línea,,,Los considero importantes
91,23/11/2021 10:41:56,21-24,Masculino,11,Muy importante,Proteger información personal en linea,Redes Sociales,Streaming,Plataformas educativas,25,,Instagram,Twitter,TikTok,,,,Netflix,Amazon Prime,HBO Max,,,,,1-2 horas,Xbox,38,,,,E-mail,56,Entre 3 y 4 horas,61,Revistas científicas o similares,,,,,Colaboración de proyectos,Muy poco,Que alguien use tus fotos de manera inapropiada,Spam,,,,,61,Facebook,Instagram,TikTok,,,11 o más,62.0,95,,,,56,,,Nunca,102,Más de 2 años,101,102,,,,,,,Los considero importantes
92,23/11/2021 10:47:09,21-24,Femenino,11,Importante,Proteger información personal en linea,Redes Sociales,Streaming,Plataformas educativas,25,,Facebook,Instagram,,,,,Netflix,Amazon Prime,Blim,HBO Max,Disney +,,,Menos de 1 hora,Nintendo,25,,,,Navegación web,56,Menos de 1 hora,62,,,,,,,Regular,Avances sexuales no deseados por redes sociales,No aplica,,,,,62,,,,,,,,,,,,55,56.0,56.0,A veces,102,1 a 2 años,101,101,Tengo antivirus descargado en mi dispositivo,Checar que la conexión sea segura antes de hacer pagos en línea,Tapar tu cámara cuando no la estés usando,,,,Los considero importantes
93,23/11/2021 11:04:35,21-24,Femenino,11,Muy importante,Proteger información personal en linea,Redes Sociales,Streaming,Videojuegos,Plataformas educativas,,Facebook,Instagram,Twitter,TikTok,Snapchat,,Netflix,Amazon Prime,Claro Video,Blim,HBO Max,Disney +,,1-2 horas,Play Station,25,,,,Navegación web,56,Entre 1 y 2 horas,61,Noticieros/periódicos,Una página de un profesionista influyente en tu área,,,,Colaboración de proyectos,Algo,Que alguien use tus fotos de manera inapropiada,Spam,,,,,61,Facebook,Instagram,TikTok,,,11 o más,62.0,95,,,,55,56.0,56.0,Nunca,102,Más de 2 años,101,101,VF2 (autentificación de dos pasos),Tengo antivirus descargado en mi dispositivo,Checar que la conexión sea segura antes de hacer pagos en línea,,,,Los considero importantes
94,23/11/2021 12:34:02,21-24,Masculino,Ciencias Sociales,Muy importante,Proteger información personal en linea,Redes Sociales,Streaming,Plataformas educativas,25,,Facebook,Instagram,Twitter,,,,Netflix,Amazon Prime,HBO Max,,,,,Menos de 1 hora,38,25,,,,Smartphone,56,Más de 4 horas,61,Noticieros/periódicos,Tutoriales o crash courses,Una página de un profesionista influyente en tu área,,,Colaboración de proyectos,Muy poco,Que alguien use tus fotos de manera inapropiada,Spam,,,,,61,31,,,,,11 o más,61.0,95,,,,55,56.0,56.0,Nunca,102,Más de 2 años,101,101,Tengo antivirus descargado en mi dispositivo,Checar que la conexión sea segura antes de hacer pagos en línea,Tapar tu cámara cuando no la estés usando,,,,Conozco los peligros pero no me afectan
95,23/11/2021 13:27:08,21-24,Femenino,11,Importante,"Evitar ciber acoso, ciber bullying, entre otros",Redes Sociales,Plataformas educativas,,,,Instagram,Twitter,TikTok,,,,Netflix,Amazon Prime,Disney +,,,,,1-2 horas,38,Khan Academy,25,,,Redes sociales,56,Entre 1 y 2 horas,61,Tutoriales o crash courses,,,,,Colaboración de proyectos,Regular,Avances sexuales no deseados por redes sociales,Spam,,,,,61,Facebook,Instagram,,,,4 a 6,62.0,95,,,,55,56.0,56.0,Nunca,102,1 a 6 meses,102,102,,,,,,,Conozco los peligros pero no me afectan
96,23/11/2021 14:27:26,17-20,Masculino,Ciencias Sociales,Importante,Prevenir accesos de tus cuentas sin permiso,Redes Sociales,Streaming,Plataformas educativas,,,Instagram,Twitter,TikTok,,,,Netflix,HBO Max,Disney +,,,,,3-4 horas,38,25,,,,Navegación web,56,Más de 4 horas,61,Noticieros/periódicos,Revistas científicas o similares,Una página de un profesionista influyente en tu área,,,Comunicación entre profesores y estudiantes,Muy poco,20,Spam,Spoofing,,,,61,Facebook,Instagram,,,,4 a 6,62.0,Fraude,,,,55,56.0,55.0,Casi nunca,102,1 a 2 años,101,101,VF2 (autentificación de dos pasos),Tengo antivirus descargado en mi dispositivo,Checar que la conexión sea segura antes de hacer pagos en línea,,,,Los considero importantes
97,23/11/2021 14:33:28,17-20,Femenino,11,Muy importante,Proteger información personal en linea,Redes Sociales,Plataformas educativas,,,,Instagram,TikTok,,,,,Netflix,Amazon Prime,Disney +,,,,,3-4 horas,38,Khan Academy,,,,Navegación web,56,Entre 1 y 2 horas,61,Noticieros/periódicos,Tutoriales o crash courses,,,,Comunicación entre profesores y estudiantes,Regular,Avances sexuales no deseados por redes sociales,Ciber acoso,Robo de identidad,,,,61,Instagram,,,,,6 a 10,62.0,95,,,,56,,,A veces,102,1 a 2 años,102,101,Tengo antivirus descargado en mi dispositivo,Checar que la conexión sea segura antes de hacer pagos en línea,Tapar tu cámara cuando no la estés usando,,,,Los considero importantes
98,23/11/2021 14:33:36,17-20,Femenino,11,Muy importante,Proteger información personal en linea,Redes Sociales,Plataformas educativas,,,,Instagram,Twitter,TikTok,,,,Netflix,Disney +,,,,,,1-2 horas,Play Station,38,,,,Redes sociales,56,Entre 3 y 4 horas,61,Una página de un profesionista influyente en tu área,,,,,Colaboración de proyectos,Muy poco,Que alguien use tus fotos de manera inapropiada,Ciber acoso,,,,,62,,,,,,,,,,,,55,56.0,56.0,A veces,102,Más de 2 años,102,101,Checar que la conexión sea segura antes de hacer pagos en línea,,,,,,Los considero importantes
99,23/11/2021 14:33:42,17-20,Femenino,Ciencias Sociales,Muy importante,Prevenir accesos de tus cuentas sin permiso,Redes Sociales,Streaming,Plataformas educativas,25,,Facebook,Instagram,,,,,Netflix,Amazon Prime,HBO Max,Disney +,,,,1-2 horas,38,25,,,,Redes sociales,56,Entre 3 y 4 horas,61,Una página de un profesionista influyente en tu área,25,,,,Colaboración de proyectos,Nada,Que alguien use tus fotos de manera inapropiada,Spam,Spoofing,,,,61,Facebook,,,,,6 a 10,62.0,95,,,,55,56.0,56.0,A veces,101,Más de 2 años,102,102,,,,,,,Conozco los peligros pero no me afectan
100,23/11/2021 14:41:46,17-20,Masculino,Humanidades,Muy importante,Proteger información personal en linea,Redes Sociales,Streaming,Videojuegos,Plataformas educativas,,Snapchat,31,,,,,25,,,,,,,Más de 4 horas,PC,25,,,,Redes sociales,56,Más de 4 horas,61,Tutoriales o crash courses,Una página de un profesionista influyente en tu área,,,,Videos,Mucho,Intimidación o acoso por parte de amigos o conocidos,Spam,Phishing,,,,61,Instagram,Twitter,,,,1 a 3,62.0,95,,,,55,56.0,55.0,Casi siempre,102,7 a 12 meses,102,101,Cambio constante de contraseñas,VF2 (autentificación de dos pasos),Leer los avisos de privacidad,Checar que la conexión sea segura antes de hacer pagos en línea,,,Los considero importantes
101,23/11/2021 18:49:42,21-24,Masculino,Ciencias Sociales,Importante,Proteger información personal en linea,Redes Sociales,Plataformas educativas,,,,Facebook,Instagram,Twitter,TikTok,Snapchat,,Netflix,Amazon Prime,HBO Max,Disney +,,,,1-2 horas,38,25,,,,Navegación web,56,Entre 3 y 4 horas,62,,,,,,,Regular,Avances sexuales no deseados por redes sociales,Spam,,,,,61,Instagram,31,,,,1 a 3,62.0,95,,,,55,56.0,55.0,Casi siempre,101,Más de 2 años,101,101,Leer los avisos de privacidad,Tengo antivirus descargado en mi dispositivo,Tapar tu cámara cuando no la estés usando,,,,Conozco los peligros pero no me afectan
102,23/11/2021 18:53:32,17-20,Masculino,Ciencias Sociales,Importante,Prevenir accesos de tus cuentas sin permiso,Redes Sociales,Streaming,Videojuegos,Plataformas educativas,,Instagram,Twitter,TikTok,,,,Netflix,Amazon Prime,HBO Max,,,,,Menos de 1 hora,38,25,,,,E-mail,55,Entre 3 y 4 horas,61,Noticieros/periódicos,Tutoriales o crash courses,Revistas científicas o similares,,,31,Algo,20,Spam,,,,,61,Instagram,,,,,6 a 10,62.0,95,,,,55,56.0,56.0,Nunca,101,Más de 2 años,101,101,Checar que la conexión sea segura antes de hacer pagos en línea,,,,,,Los considero importantes
103,23/11/2021 18:53:44,21-24,Femenino,Ciencias Sociales,Muy importante,Proteger información personal en linea,Redes Sociales,Streaming,Plataformas educativas,,,Facebook,Instagram,Twitter,TikTok,,,Netflix,Amazon Prime,HBO Max,Disney +,,,,1-2 horas,38,Khan Academy,Coursera,,,Navegación web,55,Entre 3 y 4 horas,61,Noticieros/periódicos,Tutoriales o crash courses,Revistas científicas o similares,Una página de un profesionista influyente en tu área,,Descarga de documentos,Regular,20,Ciber acoso,Spam,Spoofing,,,61,Facebook,Instagram,Twitter,TikTok,,4 a 6,62.0,95,,,,55,56.0,55.0,A veces,102,7 a 12 meses,101,101,VF2 (autentificación de dos pasos),Tengo antivirus descargado en mi dispositivo,Checar que la conexión sea segura antes de hacer pagos en línea,Tapar tu cámara cuando no la estés usando,,,Los considero importantes
104,23/11/2021 18:54:58,17-20,Femenino,Ciencias Sociales,Muy importante,"Evitar ciber acoso, ciber bullying, entre otros",Redes Sociales,Plataformas educativas,,,,Facebook,Instagram,Twitter,,,,Netflix,,,,,,,Menos de 1 hora,38,Khan Academy,25,,,Redes sociales,56,Entre 3 y 4 horas,61,Noticieros/periódicos,Tutoriales o crash courses,Revistas científicas o similares,,,Descarga de documentos,Algo,Que alguien use tus fotos de manera inapropiada,Spam,,,,,61,Facebook,Instagram,,,,6 a 10,62.0,95,,,,55,56.0,55.0,Casi siempre,102,Más de 2 años,102,101,Leer los avisos de privacidad,Tengo antivirus descargado en mi dispositivo,Checar que la conexión sea segura antes de hacer pagos en línea,Tapar tu cámara cuando no la estés usando,,,Los considero importantes
105,23/11/2021 18:56:04,21-24,Femenino,Ciencias Sociales,Importante,"Evitar ciber acoso, ciber bullying, entre otros",Redes Sociales,Plataformas educativas,,,,Facebook,Instagram,,,,,Netflix,Amazon Prime,HBO Max,Disney +,,,,1-2 horas,38,38,,,,Redes sociales,55,Entre 1 y 2 horas,61,Noticieros/periódicos,Tutoriales o crash courses,Revistas científicas o similares,Una página de un profesionista influyente en tu área,,Colaboración de proyectos,Algo,Avances sexuales no deseados por redes sociales,Ciber acoso,Ciber bullying,,,,61,Instagram,,,,,1 a 3,62.0,95,,,,55,56.0,55.0,Nunca,102,Más de 2 años,101,102,,,,,,,Nunca me siento seguro y me preocupan mucho los peligros
106,23/11/2021 18:56:37,17-20,Masculino,Ciencias Sociales,Importante,"Evitar ciber acoso, ciber bullying, entre otros",Redes Sociales,,,,,Twitter,,,,,,Netflix,Amazon Prime,,,,,,Menos de 1 hora,38,25,,,,Redes sociales,56,Entre 1 y 2 horas,62,,,,,,,Muy poco,Que alguien use tus fotos de manera inapropiada,Spam,Spoofing,,,,61,Instagram,Twitter,,,,11 o más,62.0,95,,,,55,56.0,55.0,A veces,101,1 a 2 años,102,102,,,,,,,Conozco los peligros pero no me afectan
107,23/11/2021 18:57:46,21-24,Masculino,Ciencias Sociales,Importante,Prevenir accesos de tus cuentas sin permiso,Redes Sociales,Streaming,Videojuegos,Plataformas educativas,,Facebook,Instagram,Twitter,TikTok,31,,Netflix,Amazon Prime,HBO Max,Disney +,,,,1-2 horas,Play Station,25,,,,E-mail,56,Entre 1 y 2 horas,62,,,,,,,Regular,Que alguien use tus fotos de manera inapropiada,Robo de identidad,Spam,,,,61,Facebook,Instagram,Twitter,TikTok,,11 o más,62.0,Otra,95,,,55,56.0,56.0,Casi nunca,102,1 a 6 meses,101,102,,,,,,,Los considero importantes
108,23/11/2021 18:58:30,17-20,Masculino,Ciencias Sociales,Muy importante,Prevenir accesos de tus cuentas sin permiso,Redes Sociales,Streaming,Plataformas educativas,,,Facebook,Instagram,Twitter,TikTok,,,Netflix,Amazon Prime,HBO Max,Disney +,,,,3-4 horas,38,38,,,,Redes sociales,55,Entre 3 y 4 horas,61,Noticieros/periódicos,Tutoriales o crash courses,Revistas científicas o similares,Una página de un profesionista influyente en tu área,,Colaboración de proyectos,Regular,Que alguien use tus fotos de manera inapropiada,Robo de identidad,Spam,,,,61,Facebook,,,,,11 o más,62.0,Otra,,,,55,56.0,55.0,Nunca,102,7 a 12 meses,101,101,Cambio constante de contraseñas,VF2 (autentificación de dos pasos),Checar que la conexión sea segura antes de hacer pagos en línea,Tapar tu cámara cuando no la estés usando,,,Conozco los peligros pero no me afectan
109,23/11/2021 18:59:17,21-24,Femenino,Ciencias Sociales,Importante,Proteger información personal en linea,Redes Sociales,Videojuegos,Plataformas educativas,,,Facebook,Instagram,Twitter,TikTok,31,,Netflix,Amazon Prime,HBO Max,Disney +,,,,Menos de 1 hora,38,25,,,,Redes sociales,55,Entre 1 y 2 horas,61,Noticieros/periódicos,Tutoriales o crash courses,,,,Comunicación entre profesores y estudiantes,Algo,Avances sexuales no deseados por redes sociales,Ciber bullying,Spam,,,,61,Facebook,Instagram,Twitter,,,11 o más,62.0,95,,,,55,56.0,55.0,A veces,101,1 a 6 meses,102,101,Cambio constante de contraseñas,VF2 (autentificación de dos pasos),Tengo antivirus descargado en mi dispositivo,Checar que la conexión sea segura antes de hacer pagos en línea,,,Conozco los peligros pero no me afectan
110,23/11/2021 18:59:54,17-20,Femenino,Ciencias Sociales,Muy importante,Proteger información personal en linea,Redes Sociales,Plataformas educativas,,,,Instagram,Twitter,,,,,Netflix,Amazon Prime,HBO Max,,,,,1-2 horas,38,Khan Academy,,,,Redes sociales,56,Entre 3 y 4 horas,62,,,,,,,Muy poco,Avances sexuales no deseados por redes sociales,Spam,,,,,61,Facebook,Instagram,,,,6 a 10,62.0,Otra,,,,55,56.0,56.0,Nunca,102,1 a 2 años,102,101,VF2 (autentificación de dos pasos),Checar que la conexión sea segura antes de hacer pagos en línea,,,,,Los considero importantes
111,23/11/2021 19:00:24,17-20,Femenino,Ciencias Sociales,Importante,Proteger información personal en linea,Redes Sociales,,,,,Facebook,Instagram,Twitter,TikTok,,,Netflix,Amazon Prime,HBO Max,Disney +,,,,1-2 horas,38,38,,,,Redes sociales,56,Entre 3 y 4 horas,61,Noticieros/periódicos,Revistas científicas o similares,,,,Colaboración de proyectos,Muy poco,Avances sexuales no deseados por redes sociales,Spam,No aplica,,,,61,Facebook,Instagram,,,,6 a 10,62.0,95,,,,56,,,Nunca,102,1 a 2 años,102,101,VF2 (autentificación de dos pasos),Tengo antivirus descargado en mi dispositivo,Tapar tu cámara cuando no la estés usando,,,,Los considero importantes
112,23/11/2021 19:01:08,17-20,Femenino,Ciencias Sociales,Poco importante,"Evitar ciber acoso, ciber bullying, entre otros",Redes Sociales,Streaming,Plataformas educativas,,,Facebook,Instagram,TikTok,,,,Netflix,Amazon Prime,,,,,,Menos de 1 hora,38,38,,,,Redes sociales,56,Entre 1 y 2 horas,62,,,,,,,Nada,Intimidación o acoso por parte de amigos o conocidos,No aplica,,,,,62,,,,,,,,,,,,55,56.0,56.0,Casi nunca,101,Más de 2 años,102,102,,,,,,,No los conozco
113,23/11/2021 19:02:19,21-24,Masculino,Ciencias Sociales,Muy importante,Proteger información personal en linea,Redes Sociales,Streaming,Plataformas educativas,,,Facebook,Instagram,Twitter,TikTok,,,Netflix,Amazon Prime,HBO Max,Disney +,,,,1-2 horas,38,Khan Academy,25,,,Aplicaciones,56,Entre 3 y 4 horas,62,,,,,,,Mucho,Que alguien use tus fotos de manera inapropiada,Spam,Phishing,,,,61,Instagram,Twitter,TikTok,,,1 a 3,62.0,95,,,,55,56.0,55.0,Casi nunca,101,Más de 2 años,101,101,VF2 (autentificación de dos pasos),Checar que la conexión sea segura antes de hacer pagos en línea,,,,,Conozco los peligros pero no me afectan
114,23/11/2021 19:06:04,21-24,Femenino,Ciencias Sociales,Importante,"Evitar ciber acoso, ciber bullying, entre otros",Redes Sociales,Plataformas educativas,,,,Facebook,Instagram,,,,,Netflix,Amazon Prime,,,,,,1-2 horas,25,Coursera,,,,Redes sociales,56,Entre 1 y 2 horas,62,,,,,,,Muy poco,Intimidación o acoso por parte de amigos o conocidos,Spam,Phishing,,,,61,Facebook,Instagram,,,,11 o más,62.0,95,,,,55,56.0,55.0,Casi nunca,101,Más de 2 años,102,102,,,,,,,Los considero importantes
115,23/11/2021 19:44:09,21-24,Femenino,Ciencias Sociales,Importante,Proteger información personal en linea,Redes Sociales,Streaming,,,,Instagram,,,,,,Netflix,Amazon Prime,HBO Max,Disney +,,,,1-2 horas,38,38,,,,Navegación web,56,Entre 1 y 2 horas,62,,,,,,,Regular,Intimidación o acoso por parte de amigos o conocidos,Spam,,,,,61,Instagram,,,,,1 a 3,62.0,95,,,,56,,,Nunca,102,7 a 12 meses,101,101,Tengo antivirus descargado en mi dispositivo,Tapar tu cámara cuando no la estés usando,,,,,Los considero importantes
116,23/11/2021 20:45:02,21-24,Femenino,Ciencias Sociales,Muy importante,"Evitar ciber acoso, ciber bullying, entre otros",Redes Sociales,Plataformas educativas,,,,Instagram,,,,,,Netflix,Amazon Prime,,,,,,Menos de 1 hora,Xbox,25,,,,Redes sociales,56,Entre 1 y 2 horas,61,Noticieros/periódicos,Tutoriales o crash courses,Revistas científicas o similares,Una página de un profesionista influyente en tu área,,Descarga de documentos,Regular,Avances sexuales no deseados por redes sociales,Ciber acoso,Ciber bullying,Spam,,,61,Facebook,,,,,11 o más,62.0,95,,,,55,56.0,55.0,A veces,102,1 a 2 años,101,101,Cambio constante de contraseñas,VF2 (autentificación de dos pasos),Tengo antivirus descargado en mi dispositivo,,,,Los considero importantes
117,23/11/2021 21:43:46,17-20,Masculino,11,Muy importante,Proteger información personal en linea,Redes Sociales,Plataformas educativas,25,,,31,,,,,,Netflix,,,,,,,Menos de 1 hora,38,25,,,,Navegación web,56,Entre 1 y 2 horas,61,25,,,,,Colaboración de proyectos,Nada,20,Spam,,,,,61,Instagram,31,,,,1 a 3,62.0,95,,,,56,,,Siempre,101,Más de 2 años,102,101,Leer los avisos de privacidad,Tengo antivirus descargado en mi dispositivo,Checar que la conexión sea segura antes de hacer pagos en línea,114,,,Conozco los peligros pero no me afectan
118,23/11/2021 23:59:16,17-20,Femenino,Ciencias Sociales,Importante,Proteger información personal en linea,Redes Sociales,Plataformas educativas,,,,Facebook,Instagram,Twitter,TikTok,,,Netflix,Amazon Prime,HBO Max,Disney +,,,,1-2 horas,38,38,,,,Redes sociales,56,Entre 1 y 2 horas,62,,,,,,,Muy poco,Avances sexuales no deseados por redes sociales,Spam,Spoofing,,,,61,Instagram,Twitter,,,,6 a 10,62.0,95,,,,55,56.0,56.0,Casi nunca,101,Más de 2 años,101,102,,,,,,,Conozco los peligros pero no me afectan
119,24/11/2021 23:10:12,21-24,Femenino,11,Importante,Proteger información personal en linea,Redes Sociales,Streaming,Videojuegos,Plataformas educativas,,Facebook,Instagram,Twitter,TikTok,Snapchat,,Netflix,Amazon Prime,Claro Video,HBO Max,Disney +,25,,1-2 horas,Play Station,Khan Academy,Coursera,25,,Redes sociales,56,Entre 1 y 2 horas,61,Noticieros/periódicos,Una página de un profesionista influyente en tu área,25,,,Descarga de documentos,Regular,Que alguien use tus fotos de manera inapropiada,Ciber acoso,Robo de identidad,Spam,,,61,Facebook,Instagram,Twitter,TikTok,31.0,1 a 3,62.0,95,,,,56,,,A veces,102,1 a 2 años,102,101,VF2 (autentificación de dos pasos),Tengo antivirus descargado en mi dispositivo,Checar que la conexión sea segura antes de hacer pagos en línea,Tapar tu cámara cuando no la estés usando,,,Los considero importantes
120,24/11/2021 23:19:23,21-24,Femenino,11,Importante,Proteger información personal en linea,Redes Sociales,Streaming,Plataformas educativas,,,Facebook,Instagram,TikTok,,,,Netflix,Amazon Prime,Disney +,,,,,3-4 horas,Play Station,Coursera,25,,,Redes sociales,56,Entre 3 y 4 horas,61,Noticieros/periódicos,Tutoriales o crash courses,Revistas científicas o similares,,,Descarga de documentos,Regular,Que alguien use tus fotos de manera inapropiada,Spam,,,,,61,Facebook,Instagram,,,,11 o más,62.0,Estafa,,,,55,56.0,56.0,Casi nunca,102,Más de 2 años,101,102,,,,,,,Conozco los peligros pero no me afectan
121,24/11/2021 23:21:02,21-24,Femenino,Ciencias Sociales,Importante,Proteger información personal en linea,Redes Sociales,Plataformas educativas,,,,Facebook,Instagram,,,,,Netflix,,,,,,,Menos de 1 hora,38,25,,,,Redes sociales,55,Más de 4 horas,61,Una página de un profesionista influyente en tu área,,,,,Colaboración de proyectos,Muy poco,Que alguien use tus fotos de manera inapropiada,Ciber acoso,Spam,,,,61,Facebook,Instagram,,,,1 a 3,62.0,95,,,,55,56.0,55.0,Casi nunca,102,Más de 2 años,102,101,Tengo antivirus descargado en mi dispositivo,Checar que la conexión sea segura antes de hacer pagos en línea,,,,,Conozco los peligros pero no me afectan
122,29/11/2021 19:06:16,17-20,Femenino,Ciencia,Importante,Prevenir accesos de tus cuentas sin permiso,Redes Sociales,,,,,Facebook,Instagram,Twitter,TikTok,Snapchat,,Netflix,Amazon Prime,HBO Max,Disney +,,,,Más de 4 horas,38,25,38,,,Redes sociales,56,Más de 4 horas,61,25,,,,,Comunicación entre profesores y estudiantes,Regular,Avances sexuales no deseados por redes sociales,Spam,,,,,62,,,,,,,,,,,,56,,,Nunca,101,Más de 2 años,102,102,,,,,,,Los considero importantes
123,29/11/2021 22:49:30,17-20,Femenino,Ingeniería,Importante,Proteger información personal en linea,Redes Sociales,Streaming,Videojuegos,Plataformas educativas,,Facebook,Instagram,TikTok,31,,,Netflix,Amazon Prime,HBO Max,Disney +,,,,1-2 horas,Xbox,Khan Academy,Coursera,25,,Redes sociales,56,Entre 3 y 4 horas,61,25,,,,,Colaboración de proyectos,Regular,Que alguien use tus fotos de manera inapropiada,No aplica,,,,,61,Instagram,,,,,1 a 3,62.0,95,,,,55,56.0,56.0,A veces,101,1 a 2 años,101,101,Leer los avisos de privacidad,Tengo antivirus descargado en mi dispositivo,Tapar tu cámara cuando no la estés usando,,,,Conozco los peligros pero no me afectan
124,30/11/2021 20:25:03,21-24,Masculino,Ingeniería,Muy importante,Proteger información personal en linea,Redes Sociales,Videojuegos,Plataformas educativas,,,Facebook,Instagram,Twitter,TikTok,,,Netflix,Claro Video,HBO Max,Disney +,25,,,1-2 horas,Xbox,25,,,,Redes sociales,56,Entre 3 y 4 horas,61,Tutoriales o crash courses,,,,,Videos,Mucho,20,No aplica,,,,,61,Instagram,,,,,1 a 3,62.0,95,,,,56,,,Casi nunca,102,Más de 2 años,101,101,VF2 (autentificación de dos pasos),Tengo antivirus descargado en mi dispositivo,Checar que la conexión sea segura antes de hacer pagos en línea,Tapar tu cámara cuando no la estés usando,,,Los considero importantes
125,1/12/2021 21:17:39,17-20,Femenino,Ingeniería,Muy importante,Proteger información personal en linea,Redes Sociales,Plataformas educativas,,,,Facebook,Instagram,TikTok,,,,Netflix,Amazon Prime,Disney +,,,,,3-4 horas,Xbox,25,,,,Redes sociales,56,Más de 4 horas,61,Noticieros/periódicos,Tutoriales o crash courses,Revistas científicas o similares,,,Colaboración de proyectos,Muy poco,Que alguien use tus fotos de manera inapropiada,Spam,,,,,61,Instagram,,,,,1 a 3,62.0,95,,,,55,56.0,55.0,A veces,101,Más de 2 años,101,101,VF2 (autentificación de dos pasos),Tapar tu cámara cuando no la estés usando,,,,,Los considero importantes
126,2/12/2021 9:51:01,21-24,Masculino,Ciencia,Importante,Prevenir accesos de tus cuentas sin permiso,Redes Sociales,Streaming,Videojuegos,Plataformas educativas,,Facebook,Instagram,Twitter,,,,Netflix,Amazon Prime,HBO Max,Disney +,,,,3-4 horas,Xbox,25,,,,E-mail,56,Entre 1 y 2 horas,62,,,,,,,Algo,Avances sexuales no deseados por redes sociales,Spam,Phishing,,,,62,,,,,,,,,,,,55,56.0,55.0,Nunca,102,Más de 2 años,102,101,VF2 (autentificación de dos pasos),Checar que la conexión sea segura antes de hacer pagos en línea,,,,,Conozco los peligros pero no me afectan
127,2/12/2021 9:51:39,21-24,Femenino,Ingeniería,Muy importante,Proteger información personal en linea,Redes Sociales,Streaming,Videojuegos,Plataformas educativas,,Facebook,Instagram,Twitter,TikTok,,,Netflix,Amazon Prime,25,,,,,1-2 horas,PC,25,,,,Aplicaciones,56,Entre 1 y 2 horas,61,Tutoriales o crash courses,Una página de un profesionista influyente en tu área,,,,Comunicación entre profesores y estudiantes,Mucho,Avances sexuales no deseados por redes sociales,Ciber acoso,Robo de identidad,Spam,Phishing,Spoofing,61,Facebook,31,,,,11 o más,62.0,95,,,,55,56.0,55.0,Nunca,102,7 a 12 meses,102,101,Cambio constante de contraseñas,VF2 (autentificación de dos pasos),Checar que la conexión sea segura antes de hacer pagos en línea,Tapar tu cámara cuando no la estés usando,,,Los considero importantes
128,2/12/2021 12:58:13,21-24,Femenino,Ciencias Sociales,Poco importante,"Evitar ciber acoso, ciber bullying, entre otros",Streaming,Videojuegos,,,,Instagram,,,,,,Claro Video,Blim,,,,,,1-2 horas,Xbox,Khan Academy,,,,Redes sociales,55,Entre 1 y 2 horas,62,,,,,,,Regular,Intimidación o acoso por parte de amigos o conocidos,Ciber acoso,,,,,62,,,,,,,,,,,,56,,,Casi nunca,101,7 a 12 meses,101,101,Checar que la conexión sea segura antes de hacer pagos en línea,,,,,,Los considero importantes
129,2/12/2021 13:01:28,17-20,Masculino,Ingeniería,Importante,Proteger información personal en linea,Redes Sociales,Streaming,Videojuegos,,,Instagram,Twitter,TikTok,,,,Netflix,HBO Max,Disney +,,,,,3-4 horas,25,Chegg,,,,Navegación web,56,Más de 4 horas,62,,,,,,,Algo,20,Spoofing,,,,,62,,,,,,,,,,,,56,,,A veces,101,Más de 2 años,101,101,Tengo antivirus descargado en mi dispositivo,Tapar tu cámara cuando no la estés usando,,,,,Los considero importantes
130,2/12/2021 19:19:50,21-24,Masculino,11,Importante,Proteger información personal en linea,Redes Sociales,Plataformas educativas,25,,,Facebook,Instagram,Twitter,,,,Netflix,Amazon Prime,Claro Video,HBO Max,Disney +,,,1-2 horas,Xbox,Coursera,,,,Navegación web,56,Entre 1 y 2 horas,61,Noticieros/periódicos,Tutoriales o crash courses,Revistas científicas o similares,,,Colaboración de proyectos,Nada,Intimidación o acoso por parte de amigos o conocidos,No aplica,,,,,61,Instagram,31,,,,6 a 10,62.0,95,,,,55,56.0,56.0,Nunca,101,Más de 2 años,101,101,114,,,,,,Conozco los peligros pero no me afectan
131,2/12/2021 19:24:33,17-20,Femenino,Ciencias Sociales,Importante,Proteger información personal en linea,Redes Sociales,Plataformas educativas,,,,Facebook,Instagram,Twitter,,,,Netflix,Amazon Prime,,,,,,Menos de 1 hora,38,25,,,,Redes sociales,56,Entre 1 y 2 horas,62,,,,,,,Nada,Intimidación o acoso por parte de amigos o conocidos,Ciber acoso,Ciber bullying,,,,61,Instagram,,,,,1 a 3,62.0,Extorsión,,,,55,56.0,56.0,Nunca,102,Más de 2 años,102,102,,,,,,,Los considero importantes
132,2/12/2021 19:24:35,17-20,Masculino,Ciencia,Importante,Prevenir accesos de tus cuentas sin permiso,Redes Sociales,Streaming,Videojuegos,Plataformas educativas,,Facebook,Instagram,Twitter,TikTok,Snapchat,,Netflix,Amazon Prime,HBO Max,Disney +,,,,1-2 horas,PC,38,,,,Redes sociales,56,Entre 3 y 4 horas,61,Noticieros/periódicos,Tutoriales o crash courses,Revistas científicas o similares,Una página de un profesionista influyente en tu área,,Comunicación entre profesores y estudiantes,Regular,Intimidación o acoso por parte de amigos o conocidos,No aplica,,,,,61,Facebook,,,,,1 a 3,62.0,95,,,,55,56.0,56.0,A veces,101,Más de 2 años,101,102,,,,,,,Los considero importantes
133,2/12/2021 19:27:14,21-24,Masculino,Ciencias Sociales,Poco importante,"Evitar ciber acoso, ciber bullying, entre otros",Redes Sociales,Streaming,Videojuegos,25,,Facebook,Instagram,Twitter,TikTok,,,Netflix,Amazon Prime,HBO Max,Disney +,,,,3-4 horas,Xbox,38,,,,Redes sociales,56,Entre 3 y 4 horas,61,Noticieros/periódicos,Tutoriales o crash courses,,,,Colaboración de proyectos,Muy poco,Intimidación o acoso por parte de amigos o conocidos,Spam,Spoofing,,,,61,Facebook,,,,,1 a 3,62.0,95,,,,55,56.0,56.0,Nunca,101,Más de 2 años,102,102,,,,,,,Conozco los peligros pero no me afectan
134,2/12/2021 19:27:49,21-24,Femenino,Ingeniería,Muy importante,Prevenir accesos de tus cuentas sin permiso,Redes Sociales,,,,,Facebook,Instagram,,,,,Netflix,HBO Max,Disney +,,,,,1-2 horas,38,38,,,,Redes sociales,56,Entre 1 y 2 horas,61,Tutoriales o crash courses,Una página de un profesionista influyente en tu área,,,,Videos,Muy poco,Que alguien use tus fotos de manera inapropiada,Spam,,,,,61,Instagram,,,,,4 a 6,62.0,95,,,,56,,,Casi nunca,102,Más de 2 años,101,102,,,,,,,Los considero importantes
135,2/12/2021 19:28:35,21-24,Femenino,Ciencias Sociales,No es importante,Proteger información personal en linea,Redes Sociales,Plataformas educativas,,,,Facebook,Instagram,Twitter,TikTok,,,Netflix,Amazon Prime,HBO Max,Disney +,,,,3-4 horas,38,Chegg,,,,E-mail,56,Más de 4 horas,61,Noticieros/periódicos,Tutoriales o crash courses,Revistas científicas o similares,,,Videos,Muy poco,Intimidación o acoso por parte de amigos o conocidos,Spam,,,,,62,,,,,,,,,,,,56,,,Nunca,101,Más de 2 años,101,102,,,,,,,Los considero importantes
136,2/12/2021 19:39:12,21-24,Masculino,11,Muy importante,Proteger información personal en linea,Redes Sociales,Streaming,Videojuegos,Plataformas educativas,,Instagram,Twitter,TikTok,,,,Netflix,,,,,,,Menos de 1 hora,Xbox,Coursera,25,,,Redes sociales,56,Entre 1 y 2 horas,61,Tutoriales o crash courses,Una página de un profesionista influyente en tu área,,,,Descarga de documentos,Algo,20,No aplica,,,,,61,31,,,,,1 a 3,62.0,95,,,,55,56.0,55.0,Nunca,102,1 a 2 años,101,101,VF2 (autentificación de dos pasos),Checar que la conexión sea segura antes de hacer pagos en línea,,,,,Conozco los peligros pero no me afectan
137,2/12/2021 19:41:29,21-24,Masculino,Ingeniería,Importante,Proteger información personal en linea,Redes Sociales,Videojuegos,Plataformas educativas,,,Instagram,Twitter,31,,,,Netflix,Disney +,25,,,,,1-2 horas,PC,38,,,,Navegación web,56,Entre 1 y 2 horas,62,,,,,,,Algo,20,No aplica,,,,,61,Instagram,31,,,,1 a 3,62.0,95,,,,55,56.0,55.0,Casi nunca,101,1 a 6 meses,102,101,Cambio constante de contraseñas,Checar que la conexión sea segura antes de hacer pagos en línea,,,,,Los considero importantes
138,2/12/2021 19:47:22,17-20,Masculino,11,Poco importante,Prevenir accesos de tus cuentas sin permiso,Redes Sociales,Plataformas educativas,,,,Facebook,Instagram,Twitter,TikTok,,,Netflix,Amazon Prime,HBO Max,Disney +,,,,Más de 4 horas,38,Khan Academy,,,,Navegación web,56,Más de 4 horas,61,Noticieros/periódicos,Tutoriales o crash courses,,,,Colaboración de proyectos,Regular,Avances sexuales no deseados por redes sociales,Ciber bullying,Robo de identidad,Spam,Phishing,,61,Facebook,,,,,1 a 3,62.0,Negocio pirámide (Pyramid scheme),,,,56,,,Casi siempre,102,1 a 6 meses,102,102,,,,,,,Me son indiferentes
139,2/12/2021 19:59:20,21-24,Femenino,Ciencia,Muy importante,Proteger información personal en linea,Redes Sociales,Streaming,Plataformas educativas,,,Facebook,Instagram,Twitter,TikTok,,,Netflix,Disney +,,,,,,Menos de 1 hora,38,25,,,,Redes sociales,56,Entre 3 y 4 horas,61,Tutoriales o crash courses,,,,,Descarga de documentos,Regular,20,Spam,,,,,61,Instagram,Twitter,TikTok,,,4 a 6,62.0,95,,,,56,,,Casi nunca,102,Más de 2 años,101,101,VF2 (autentificación de dos pasos),Tengo antivirus descargado en mi dispositivo,Checar que la conexión sea segura antes de hacer pagos en línea,Tapar tu cámara cuando no la estés usando,,,Los considero importantes
140,2/12/2021 20:00:07,21-24,Masculino,Humanidades,Importante,Proteger información personal en linea,Redes Sociales,Streaming,Plataformas educativas,,,Facebook,Instagram,Snapchat,,,,Netflix,Amazon Prime,HBO Max,Disney +,25,,,3-4 horas,25,Khan Academy,,,,Redes sociales,56,Más de 4 horas,62,,,,,,,Regular,20,Ciber bullying,Spam,,,,61,Facebook,Instagram,,,,11 o más,61.0,95,,,,55,56.0,55.0,Nunca,101,Más de 2 años,102,102,,,,,,,Me son indiferentes
141,2/12/2021 20:07:12,17-20,Masculino,Ciencia,Importante,Proteger información personal en linea,Redes Sociales,Videojuegos,Plataformas educativas,,,Facebook,Instagram,Twitter,TikTok,,,Netflix,HBO Max,25,,,,,Menos de 1 hora,Xbox,Khan Academy,Coursera,,,E-mail,55,Entre 3 y 4 horas,61,Noticieros/periódicos,Tutoriales o crash courses,,,,Descarga de documentos,Regular,Que alguien use tus fotos de manera inapropiada,Robo de identidad,Spoofing,,,,61,Facebook,,,,,6 a 10,62.0,Negocio pirámide (Pyramid scheme),,,,55,56.0,56.0,Casi nunca,102,Más de 2 años,102,101,VF2 (autentificación de dos pasos),Tengo antivirus descargado en mi dispositivo,Tapar tu cámara cuando no la estés usando,,,,Los considero importantes
142,2/12/2021 20:16:38,21-24,Masculino,Ingeniería,Importante,Proteger información personal en linea,Redes Sociales,Videojuegos,Plataformas educativas,25,,Facebook,Instagram,,,,,Netflix,Disney +,,,,,,Menos de 1 hora,Xbox,25,,,,Redes sociales,56,Entre 1 y 2 horas,61,Tutoriales o crash courses,Revistas científicas o similares,25,,,Descarga de documentos,Regular,Intimidación o acoso por parte de amigos o conocidos,Ciber bullying,Spam,Phishing,Spoofing,,61,Facebook,,,,,4 a 6,62.0,95,,,,55,56.0,55.0,Casi nunca,102,7 a 12 meses,101,101,Cambio constante de contraseñas,VF2 (autentificación de dos pasos),Tengo antivirus descargado en mi dispositivo,Checar que la conexión sea segura antes de hacer pagos en línea,,,Los considero importantes
143,2/12/2021 20:17:11,21-24,Masculino,Ingeniería,Muy importante,Proteger información personal en linea,Redes Sociales,Videojuegos,,,,31,,,,,,Netflix,,,,,,,Menos de 1 hora,Xbox,Khan Academy,,,,Aplicaciones,56,Entre 1 y 2 horas,61,Tutoriales o crash courses,,,,,Colaboración de proyectos,Nada,Avances sexuales no deseados por redes sociales,Robo de identidad,Spam,,,,61,Facebook,Instagram,,,,4 a 6,62.0,95,,,,56,,,Casi nunca,102,Más de 2 años,102,102,,,,,,,Los considero importantes
144,2/12/2021 20:39:59,21-24,Masculino,Ciencia,Muy importante,Proteger información personal en linea,Redes Sociales,Streaming,Plataformas educativas,,,Facebook,Instagram,Twitter,TikTok,,,Netflix,Amazon Prime,HBO Max,Disney +,,,,1-2 horas,Xbox,38,,,,Redes sociales,56,Entre 1 y 2 horas,62,,,,,,,Regular,Avances sexuales no deseados por redes sociales,Spam,,,,,61,Facebook,,,,,1 a 3,62.0,95,,,,55,56.0,55.0,Siempre,102,7 a 12 meses,101,101,Cambio constante de contraseñas,VF2 (autentificación de dos pasos),Checar que la conexión sea segura antes de hacer pagos en línea,,,,Los considero importantes
145,2/12/2021 21:11:52,21-24,Masculino,Ingeniería,Importante,Proteger información personal en linea,25,,,,,31,,,,,,Netflix,,,,,,,Menos de 1 hora,38,25,,,,Navegación web,56,Menos de 1 hora,61,Revistas científicas o similares,,,,,Comunicación entre profesores y estudiantes,Muy poco,Que alguien use tus fotos de manera inapropiada,Spam,,,,,62,,,,,,,,,,,,55,56.0,55.0,Casi nunca,101,Más de 2 años,101,101,Leer los avisos de privacidad,Checar que la conexión sea segura antes de hacer pagos en línea,,,,,Los considero importantes
146,3/12/2021 19:30:35,21-24,Masculino,Ciencia,Muy importante,Proteger información personal en linea,Redes Sociales,Streaming,Videojuegos,Plataformas educativas,,Facebook,Instagram,Twitter,TikTok,,,Netflix,Amazon Prime,HBO Max,Disney +,,,,1-2 horas,Play Station,Coursera,,,,Navegación web,56,Entre 1 y 2 horas,61,Una página de un profesionista influyente en tu área,,,,,Colaboración de proyectos,Regular,Que alguien use tus fotos de manera inapropiada,No aplica,,,,,62,,,,,,,,,,,,55,56.0,55.0,A veces,101,Más de 2 años,102,101,VF2 (autentificación de dos pasos),Tengo antivirus descargado en mi dispositivo,Checar que la conexión sea segura antes de hacer pagos en línea,,,,Los considero importantes
147,3/12/2021 19:39:43,25 +,Masculino,Ciencias Sociales,Poco importante,Prevenir accesos de tus cuentas sin permiso,Redes Sociales,Streaming,,,,Instagram,,,,,,Netflix,25,,,,,,1-2 horas,38,38,,,,Navegación web,56,Entre 1 y 2 horas,62,,,,,,,Muy poco,20,Spam,,,,,61,Instagram,,,,,1 a 3,62.0,95,,,,55,56.0,55.0,Casi nunca,102,1 a 2 años,102,102,,,,,,,Conozco los peligros pero no me afectan
148,3/12/2021 19:40:13,21-24,Masculino,Ciencia,Muy importante,Proteger información personal en linea,Redes Sociales,Plataformas educativas,,,,Facebook,Instagram,Twitter,,,,Netflix,Amazon Prime,HBO Max,,,,,Menos de 1 hora,38,Coursera,,,,Navegación web,55,Entre 3 y 4 horas,61,Tutoriales o crash courses,,,,,Videos,Algo,20,Robo de identidad,Spam,,,,62,,,,,,,,,,,,56,,,Nunca,102,1 a 2 años,102,101,Checar que la conexión sea segura antes de hacer pagos en línea,,,,,,Los considero importantes
149,3/12/2021 20:04:16,17-20,Femenino,Ciencias Sociales,Poco importante,Proteger información personal en linea,Redes Sociales,Plataformas educativas,,,,Facebook,Instagram,TikTok,,,,Netflix,HBO Max,Disney +,,,,,3-4 horas,38,Coursera,,,,Navegación web,56,Entre 1 y 2 horas,61,25,,,,,Descarga de documentos,Muy poco,Intimidación o acoso por parte de amigos o conocidos,Spam,,,,,61,Facebook,,,,,11 o más,62.0,95,,,,55,56.0,56.0,Nunca,101,Más de 2 años,101,102,,,,,,,Conozco los peligros pero no me afectan
150,3/12/2021 20:08:58,21-24,Femenino,Ingeniería,Muy importante,Proteger información personal en linea,Redes Sociales,Streaming,Plataformas educativas,,,Facebook,Instagram,Twitter,,,,Netflix,Amazon Prime,,,,,,1-2 horas,38,Khan Academy,Coursera,Chegg,25.0,Redes sociales,55,Entre 1 y 2 horas,61,Tutoriales o crash courses,,,,,Colaboración de proyectos,Algo,Avances sexuales no deseados por redes sociales,Ciber acoso,Spam,Phishing,Spoofing,,61,Facebook,Instagram,Twitter,,,11 o más,62.0,Negocio pirámide (Pyramid scheme),Fraude,,,56,,,Casi nunca,101,Más de 2 años,102,101,Tengo antivirus descargado en mi dispositivo,Checar que la conexión sea segura antes de hacer pagos en línea,Tapar tu cámara cuando no la estés usando,,,,Los considero importantes
151,3/12/2021 20:16:56,21-24,Masculino,Ingeniería,Muy importante,Proteger información personal en linea,Redes Sociales,Streaming,Plataformas educativas,25,,Facebook,Instagram,Twitter,,,,Netflix,Amazon Prime,HBO Max,Disney +,,,,1-2 horas,38,Coursera,25,,,Navegación web,56,Entre 3 y 4 horas,62,,,,,,,Algo,Que alguien use tus fotos de manera inapropiada,Spam,Phishing,Spoofing,,,61,Facebook,,,,,1 a 3,62.0,95,,,,55,56.0,55.0,A veces,102,1 a 2 años,101,101,Cambio constante de contraseñas,VF2 (autentificación de dos pasos),Checar que la conexión sea segura antes de hacer pagos en línea,Tapar tu cámara cuando no la estés usando,,,Conozco los peligros pero no me afectan
152,3/12/2021 20:18:54,17-20,Femenino,Ciencias Sociales,Muy importante,Prevenir accesos de tus cuentas sin permiso,Redes Sociales,Streaming,Videojuegos,Plataformas educativas,,Facebook,Instagram,Twitter,,,,Netflix,Amazon Prime,HBO Max,Disney +,,,,1-2 horas,Xbox,Khan Academy,Coursera,,,Redes sociales,56,Entre 1 y 2 horas,61,Noticieros/periódicos,Revistas científicas o similares,Una página de un profesionista influyente en tu área,,,Colaboración de proyectos,Muy poco,Que alguien use tus fotos de manera inapropiada,Ciber acoso,Spam,Spoofing,,,62,,,,,,,,,,,,55,56.0,55.0,A veces,102,7 a 12 meses,101,102,,,,,,,Nunca me siento seguro y me preocupan mucho los peligros
153,3/12/2021 20:20:06,21-24,Masculino,Ciencia,Importante,Prevenir accesos de tus cuentas sin permiso,Redes Sociales,Videojuegos,Plataformas educativas,25,,Instagram,TikTok,31,,,,Netflix,,,,,,,1-2 horas,Xbox,25,,,,E-mail,56,Entre 1 y 2 horas,61,Tutoriales o crash courses,Revistas científicas o similares,Una página de un profesionista influyente en tu área,,,Videos,Muy poco,Intimidación o acoso por parte de amigos o conocidos,Ciber acoso,Spam,Phishing,,,61,31,,,,,6 a 10,61.0,95,,,,55,56.0,55.0,Siempre,102,1 a 2 años,101,101,VF2 (autentificación de dos pasos),Leer los avisos de privacidad,Tengo antivirus descargado en mi dispositivo,,,,Conozco los peligros pero no me afectan
154,3/12/2021 20:47:48,21-24,Masculino,Ingeniería,Importante,Proteger información personal en linea,Redes Sociales,Streaming,Plataformas educativas,,,Facebook,Instagram,Twitter,TikTok,,,Netflix,HBO Max,,,,,,1-2 horas,Xbox,25,,,,Navegación web,55,Entre 3 y 4 horas,61,Tutoriales o crash courses,,,,,Colaboración de proyectos,Muy poco,20,Spam,Spoofing,,,,61,Instagram,,,,,1 a 3,62.0,95,,,,55,56.0,56.0,Casi nunca,102,Más de 2 años,101,102,,,,,,,Los considero importantes
155,3/12/2021 21:08:09,17-20,Femenino,Ciencia,Importante,Proteger información personal en linea,Redes Sociales,Streaming,Plataformas educativas,,,Facebook,Instagram,Twitter,TikTok,,,Netflix,Amazon Prime,,,,,,3-4 horas,38,Coursera,,,,Redes sociales,56,Más de 4 horas,61,Tutoriales o crash courses,,,,,Videos,Regular,Intimidación o acoso por parte de amigos o conocidos,Spam,,,,,61,Facebook,Instagram,,,,11 o más,62.0,95,,,,56,,,Casi nunca,101,Más de 2 años,101,102,,,,,,,Los considero importantes
156,3/12/2021 21:37:14,17-20,Femenino,Ciencia,Muy importante,"Evitar ciber acoso, ciber bullying, entre otros",Redes Sociales,Streaming,Plataformas educativas,,,Facebook,Instagram,Twitter,TikTok,,,Netflix,,,,,,,1-2 horas,38,25,,,,Redes sociales,56,Entre 3 y 4 horas,61,Tutoriales o crash courses,,,,,Comunicación entre profesores y estudiantes,Muy poco,20,No aplica,,,,,61,Facebook,Instagram,,,,11 o más,62.0,Otra,,,,56,,,Casi nunca,101,Más de 2 años,102,101,Leer los avisos de privacidad,Tengo antivirus descargado en mi dispositivo,Checar que la conexión sea segura antes de hacer pagos en línea,Tapar tu cámara cuando no la estés usando,,,Los considero importantes
157,4/12/2021 0:40:18,17-20,Femenino,11,Muy importante,Proteger información personal en linea,Redes Sociales,Streaming,Videojuegos,Plataformas educativas,,Twitter,TikTok,,,,,Netflix,Amazon Prime,,,,,,1-2 horas,38,25,,,,Navegación web,56,Más de 4 horas,62,,,,,,,Regular,Avances sexuales no deseados por redes sociales,Spam,,,,,62,,,,,,,,,,,,56,,,Nunca,101,1 a 2 años,101,101,Tengo antivirus descargado en mi dispositivo,Checar que la conexión sea segura antes de hacer pagos en línea,Tapar tu cámara cuando no la estés usando,,,,Los considero importantes
158,4/12/2021 10:01:37,17-20,Femenino,Ciencias Sociales,Importante,"Evitar ciber acoso, ciber bullying, entre otros",Redes Sociales,Streaming,Plataformas educativas,,,Facebook,Instagram,Twitter,TikTok,31,,Netflix,Amazon Prime,HBO Max,,,,,3-4 horas,38,25,,,,Redes sociales,56,Más de 4 horas,61,Noticieros/periódicos,Revistas científicas o similares,Una página de un profesionista influyente en tu área,,,Comunicación entre profesores y estudiantes,Regular,Que alguien use tus fotos de manera inapropiada,Spam,,,,,61,Instagram,,,,,1 a 3,62.0,95,,,,55,56.0,55.0,Nunca,102,7 a 12 meses,101,102,,,,,,,Los considero importantes
159,4/12/2021 11:47:44,17-20,Femenino,11,Importante,Proteger información personal en linea,Redes Sociales,,,,,Instagram,TikTok,,,,,Netflix,Disney +,,,,,,1-2 horas,38,38,,,,Redes sociales,56,Entre 1 y 2 horas,61,Revistas científicas o similares,,,,,Descarga de documentos,Muy poco,Que alguien use tus fotos de manera inapropiada,Spam,No aplica,,,,61,Facebook,Instagram,,,,11 o más,62.0,95,,,,56,,,Nunca,101,Más de 2 años,101,102,,,,,,,Conozco los peligros pero no me afectan
160,5/12/2021 16:37:59,17-20,Femenino,Ingeniería,Importante,Proteger información personal en linea,Redes Sociales,Streaming,Plataformas educativas,,,Facebook,Instagram,Twitter,,,,Netflix,Amazon Prime,Disney +,25,,,,Menos de 1 hora,38,Chegg,25,,,E-mail,56,Entre 3 y 4 horas,61,Noticieros/periódicos,Tutoriales o crash courses,Revistas científicas o similares,Una página de un profesionista influyente en tu área,25.0,Colaboración de proyectos,Muy poco,Que alguien use tus fotos de manera inapropiada,Robo de identidad,Phishing,Spoofing,,,61,Facebook,Instagram,Twitter,,,6 a 10,61.0,95,,,,55,56.0,56.0,Casi nunca,101,Más de 2 años,101,102,,,,,,,Conozco los peligros pero no me afectan
